,Accuracy,Sensitivity,Specificity,MCC,F1 Score,AUC,BACC,Precision
MLP_xat_trainOOF,0.6811,0.7131,0.628,0.3353,0.7363,0.727,0.6706,0.761
MLP_xes_trainOOF,0.6815,0.7072,0.6389,0.3393,0.7349,0.7379,0.6731,0.7649
MLP_xke_trainOOF,0.7459,0.8426,0.5853,0.4449,0.8054,0.8089,0.7139,0.7714
MLP_xpc_trainOOF,0.7171,0.807,0.5678,0.3849,0.7808,0.7641,0.6874,0.7562
MLP_xss_trainOOF,0.7194,0.7599,0.6521,0.4082,0.7717,0.787,0.706,0.7839
MLP_xcd_trainOOF,0.7091,0.7467,0.6466,0.3887,0.7621,0.7743,0.6967,0.7782
MLP_xcn_trainOOF,0.749,0.7684,0.7166,0.477,0.7926,0.8178,0.7425,0.8183
MLP_xkc_trainOOF,0.736,0.7596,0.6969,0.4492,0.7822,0.7982,0.7282,0.8063
MLP_xce_trainOOF,0.7327,0.7451,0.7123,0.4478,0.7768,0.8009,0.7287,0.8113
MLP_xsc_trainOOF,0.7323,0.7704,0.669,0.4354,0.7823,0.7768,0.7197,0.7945
MLP_xac_trainOOF,0.6957,0.7177,0.6592,0.3694,0.7465,0.7441,0.6885,0.7777
MLP_xma_trainOOF,0.7138,0.7223,0.6997,0.4121,0.7591,0.7945,0.711,0.7998
Meta_LogReg_trainCV,0.7699,0.8534,0.6313,0.4998,0.8224,0.8366,0.7424,0.7936
Mean_ensemble_trainOOF,0.7667,0.8172,0.6827,0.5013,0.8138,0.8345,0.75,0.8105
