Molecule ChEMBL ID,class
CHEMBL4798516,1
CHEMBL87823,0
CHEMBL3582224,0
CHEMBL543711,1
CHEMBL6145098,1
CHEMBL4532770,0
CHEMBL4556734,0
CHEMBL4590945,0
CHEMBL4579667,0
CHEMBL380050,0
CHEMBL5597315,1
CHEMBL3597067,1
CHEMBL3597054,1
CHEMBL3597006,1
CHEMBL3597007,1
CHEMBL3597009,1
CHEMBL3597000,1
CHEMBL3597005,1
CHEMBL3597008,1
CHEMBL3597055,1
CHEMBL3597060,1
CHEMBL3597003,1
CHEMBL3597062,1
CHEMBL3597010,1
CHEMBL3597001,1
CHEMBL3597004,1
CHEMBL5598195,1
CHEMBL5597242,0
CHEMBL5598380,0
CHEMBL3597002,1
CHEMBL3597058,1
CHEMBL3597064,1
CHEMBL5590860,0
CHEMBL5596796,1
CHEMBL5598085,1
CHEMBL5596056,1
CHEMBL335329,1
CHEMBL4062593,1
CHEMBL4090559,1
CHEMBL3116298,1
CHEMBL1973869,1
CHEMBL3116279,1
CHEMBL3116281,1
CHEMBL5201804,1
CHEMBL4286736,1
CHEMBL158252,0
CHEMBL4453331,1
CHEMBL4556097,1
CHEMBL4448745,1
CHEMBL4528790,1
CHEMBL4461560,1
CHEMBL4517373,1
CHEMBL4466944,1
CHEMBL4515376,1
CHEMBL4518298,1
CHEMBL4515603,1
CHEMBL4447438,1
CHEMBL4444497,1
CHEMBL4568241,1
CHEMBL91432,0
CHEMBL1204296,0
CHEMBL91240,0
CHEMBL94054,0
CHEMBL90241,0
CHEMBL3752356,0
CHEMBL3751941,0
CHEMBL186264,0
CHEMBL187330,1
CHEMBL189122,0
CHEMBL188753,0
CHEMBL366114,0
CHEMBL189774,0
CHEMBL1669485,0
CHEMBL5429715,1
CHEMBL191084,1
CHEMBL1243388,1
CHEMBL25264,1
CHEMBL4581664,1
CHEMBL194372,0
CHEMBL5269984,0
CHEMBL220141,0
CHEMBL4100407,0
CHEMBL4799709,1
CHEMBL4776331,1
CHEMBL2441668,0
CHEMBL1762001,1
CHEMBL3628184,0
CHEMBL3628185,0
CHEMBL3628186,0
CHEMBL1642975,0
CHEMBL389283,1
CHEMBL3261988,1
CHEMBL5440445,1
CHEMBL1085021,1
CHEMBL4127071,1
CHEMBL4129147,1
CHEMBL4128454,1
CHEMBL3403874,0
CHEMBL335133,1
CHEMBL4781157,0
CHEMBL4593316,0
CHEMBL807,0
CHEMBL1083058,1
CHEMBL225396,1
CHEMBL2236393,0
CHEMBL375976,1
CHEMBL223652,1
CHEMBL389668,1
CHEMBL225451,1
CHEMBL543655,0
CHEMBL224433,1
CHEMBL224553,1
CHEMBL387849,1
CHEMBL225453,1
CHEMBL225366,1
CHEMBL376186,1
CHEMBL224811,1
CHEMBL224981,1
CHEMBL225615,1
CHEMBL225638,1
CHEMBL71994,1
CHEMBL70182,1
CHEMBL4090583,1
CHEMBL4075571,0
CHEMBL611941,1
CHEMBL3950130,0
CHEMBL4069184,0
CHEMBL426110,1
CHEMBL1201217,0
CHEMBL5278221,1
CHEMBL517247,1
CHEMBL5280671,1
CHEMBL3642042,0
CHEMBL3262669,1
CHEMBL188019,1
CHEMBL498539,1
CHEMBL456156,1
CHEMBL497686,1
CHEMBL508510,1
CHEMBL526476,1
CHEMBL6171343,0
CHEMBL6163761,0
CHEMBL6176254,0
CHEMBL6177357,0
CHEMBL6175088,0
CHEMBL6152733,1
CHEMBL6174933,0
CHEMBL6192606,0
CHEMBL4289318,0
CHEMBL3781564,0
CHEMBL3780448,1
CHEMBL3335029,1
CHEMBL3335030,1
CHEMBL4293179,1
CHEMBL3623559,0
CHEMBL3623566,1
CHEMBL3623552,0
CHEMBL3122169,1
CHEMBL3122166,1
CHEMBL3632849,1
CHEMBL3410954,0
CHEMBL3632992,0
CHEMBL575166,1
CHEMBL572866,1
CHEMBL140476,0
CHEMBL1994202,0
CHEMBL2011499,0
CHEMBL142491,0
CHEMBL384563,0
CHEMBL386541,0
CHEMBL109869,0
CHEMBL574267,1
CHEMBL573094,1
CHEMBL574973,0
CHEMBL208599,0
CHEMBL143290,0
CHEMBL583920,0
CHEMBL341658,0
CHEMBL4850590,1
CHEMBL4524111,0
CHEMBL576004,1
CHEMBL576385,0
CHEMBL574974,0
CHEMBL143094,0
CHEMBL143812,0
CHEMBL573095,0
CHEMBL139819,0
CHEMBL572865,1
CHEMBL335355,0
CHEMBL539051,0
CHEMBL541344,0
CHEMBL415799,0
CHEMBL5191506,1
CHEMBL142816,0
CHEMBL357207,0
CHEMBL4877175,0
CHEMBL3220808,1
CHEMBL4442213,1
CHEMBL4068410,0
CHEMBL4095755,0
CHEMBL186144,0
CHEMBL361869,0
CHEMBL185976,0
CHEMBL3310705,1
CHEMBL3310706,1
CHEMBL3310704,1
CHEMBL1771549,0
CHEMBL3407585,1
CHEMBL3407581,1
CHEMBL3407584,1
CHEMBL3407586,1
CHEMBL3407583,1
CHEMBL3407587,1
CHEMBL4445075,1
CHEMBL4754487,0
CHEMBL4441666,0
CHEMBL3785526,1
CHEMBL538352,1
CHEMBL367881,1
CHEMBL553599,1
CHEMBL1289160,1
CHEMBL1289273,1
CHEMBL1289274,1
CHEMBL1288821,1
CHEMBL1289615,1
CHEMBL1289507,1
CHEMBL1289045,1
CHEMBL1289391,1
CHEMBL1289392,1
CHEMBL1289719,1
CHEMBL1289159,1
CHEMBL1289506,1
CHEMBL1082978,1
CHEMBL157410,1
CHEMBL4863598,1
CHEMBL4292192,1
CHEMBL1651135,0
CHEMBL1651141,0
CHEMBL1651134,0
CHEMBL1651248,0
CHEMBL1651136,0
CHEMBL1651138,0
CHEMBL1651133,0
CHEMBL1651249,0
CHEMBL1651131,0
CHEMBL1651132,0
CHEMBL1651139,0
CHEMBL1651243,0
CHEMBL1651137,0
CHEMBL1651250,0
CHEMBL1651140,0
CHEMBL248922,1
CHEMBL119634,1
CHEMBL332454,1
CHEMBL5185843,1
CHEMBL4100736,1
CHEMBL2234830,1
CHEMBL5199425,1
CHEMBL4064920,1
CHEMBL4102810,1
CHEMBL4078528,1
CHEMBL3960962,1
CHEMBL76173,0
CHEMBL4170921,1
CHEMBL12473,1
CHEMBL335033,0
CHEMBL3335031,1
CHEMBL3335032,1
CHEMBL3827288,0
CHEMBL1083488,0
CHEMBL4456433,0
CHEMBL3091687,1
CHEMBL3183075,1
CHEMBL393417,1
CHEMBL241806,1
CHEMBL1669483,1
CHEMBL329531,0
CHEMBL461946,1
CHEMBL140990,0
CHEMBL389192,0
CHEMBL4456435,0
CHEMBL4582203,1
CHEMBL4466307,0
CHEMBL4165897,1
CHEMBL4173815,1
CHEMBL6161426,1
CHEMBL6175583,1
CHEMBL3642057,0
CHEMBL3642056,0
CHEMBL3642053,0
CHEMBL128292,1
CHEMBL340542,1
CHEMBL337002,1
CHEMBL130831,1
CHEMBL131286,1
CHEMBL131318,1
CHEMBL340599,1
CHEMBL5433956,0
CHEMBL5417392,0
CHEMBL26125,0
CHEMBL4750190,0
CHEMBL1668934,1
CHEMBL5290033,0
CHEMBL1084442,1
CHEMBL1082747,1
CHEMBL1082749,1
CHEMBL1082750,1
CHEMBL1084785,1
CHEMBL1082748,1
CHEMBL1085281,1
CHEMBL1082427,1
CHEMBL1085022,1
CHEMBL1085758,1
CHEMBL1085027,1
CHEMBL1083373,1
CHEMBL1085029,1
CHEMBL1083063,1
CHEMBL1082428,1
CHEMBL1083064,0
CHEMBL1082746,1
CHEMBL1085026,1
CHEMBL1084167,0
CHEMBL1084784,1
CHEMBL1085759,1
CHEMBL1085284,1
CHEMBL1085279,1
CHEMBL1085280,1
CHEMBL5267000,0
CHEMBL5285953,0
CHEMBL3416669,0
CHEMBL4530960,0
CHEMBL5081574,1
CHEMBL4464759,0
CHEMBL155121,0
CHEMBL239207,1
CHEMBL241127,1
CHEMBL238257,1
CHEMBL235759,1
CHEMBL5409352,0
CHEMBL3754399,0
CHEMBL567532,1
CHEMBL5572853,0
CHEMBL4583650,0
CHEMBL1411769,1
CHEMBL1782730,1
CHEMBL828,1
CHEMBL5407446,1
CHEMBL238764,1
CHEMBL4163761,1
CHEMBL4175494,1
CHEMBL4164862,1
CHEMBL4160394,1
CHEMBL4168299,1
CHEMBL1085277,1
CHEMBL2011487,0
CHEMBL2011495,0
CHEMBL4095032,1
CHEMBL4060800,1
CHEMBL4074566,1
CHEMBL140999,0
CHEMBL3335069,1
CHEMBL3335068,1
CHEMBL4473438,0
CHEMBL400092,1
CHEMBL251077,0
CHEMBL1834074,1
CHEMBL3754341,1
CHEMBL3754694,1
CHEMBL313271,0
CHEMBL4286601,0
CHEMBL4285581,0
CHEMBL4282154,0
CHEMBL4284165,0
CHEMBL4294783,0
CHEMBL4291372,0
CHEMBL141001,0
CHEMBL123909,0
CHEMBL433678,0
CHEMBL105874,0
CHEMBL336686,0
CHEMBL139353,0
CHEMBL140770,0
CHEMBL138442,0
CHEMBL106891,0
CHEMBL5594195,1
CHEMBL4754186,1
CHEMBL2234515,1
CHEMBL2234829,1
CHEMBL2234513,1
CHEMBL2234514,1
CHEMBL244838,1
CHEMBL222946,0
CHEMBL4783427,0
CHEMBL5080499,1
CHEMBL5075459,1
CHEMBL5077963,1
CHEMBL5091842,1
CHEMBL5084173,1
CHEMBL5083797,1
CHEMBL5087321,1
CHEMBL5076593,1
CHEMBL5078674,1
CHEMBL5090722,1
CHEMBL5076903,1
CHEMBL5078153,1
CHEMBL5082296,1
CHEMBL5078705,1
CHEMBL5081301,1
CHEMBL5072956,1
CHEMBL5069654,1
CHEMBL4784757,1
CHEMBL5787130,1
CHEMBL5274481,1
CHEMBL508791,1
CHEMBL571730,1
CHEMBL4467520,0
CHEMBL409854,1
CHEMBL1084256,0
CHEMBL4796736,1
CHEMBL3582213,0
CHEMBL5178355,0
CHEMBL3785481,1
CHEMBL5563417,1
CHEMBL104891,1
CHEMBL102637,1
CHEMBL1952047,1
CHEMBL1952051,1
CHEMBL101482,1
CHEMBL494887,1
CHEMBL1190,1
CHEMBL102077,1
CHEMBL344924,1
CHEMBL139908,1
CHEMBL322628,1
CHEMBL140403,1
CHEMBL344196,1
CHEMBL4097266,1
CHEMBL341956,1
CHEMBL136916,1
CHEMBL3586207,0
CHEMBL1922541,1
CHEMBL1922540,1
CHEMBL1952048,1
CHEMBL1952050,1
CHEMBL102078,1
CHEMBL11298,1
CHEMBL136229,1
CHEMBL135086,1
CHEMBL102226,1
CHEMBL920,1
CHEMBL1952049,1
CHEMBL139684,1
CHEMBL136145,1
CHEMBL337142,1
CHEMBL125278,1
CHEMBL135503,1
CHEMBL1025,0
CHEMBL132133,1
CHEMBL1952052,1
CHEMBL136568,1
CHEMBL103890,1
CHEMBL134914,1
CHEMBL342902,1
CHEMBL1669479,0
CHEMBL4162452,1
CHEMBL83005,0
CHEMBL481,1
CHEMBL5083014,1
CHEMBL1275924,1
CHEMBL59790,1
CHEMBL294251,1
CHEMBL3642052,0
CHEMBL3642054,0
CHEMBL3642055,0
CHEMBL86,1
CHEMBL148882,0
CHEMBL4087841,1
CHEMBL138988,1
CHEMBL640,1
CHEMBL542609,1
CHEMBL154155,1
CHEMBL58252,1
CHEMBL59192,1
CHEMBL305386,1
CHEMBL296669,1
CHEMBL139330,0
CHEMBL335108,1
CHEMBL5187221,1
CHEMBL151369,1
CHEMBL4096024,1
CHEMBL2093018,1
CHEMBL347503,0
CHEMBL137560,1
CHEMBL521589,1
CHEMBL3585783,0
CHEMBL61126,1
CHEMBL147031,1
CHEMBL541044,1
CHEMBL294498,1
CHEMBL3585782,0
CHEMBL356385,1
CHEMBL300176,1
CHEMBL61312,1
CHEMBL151194,1
CHEMBL296277,1
CHEMBL150638,0
CHEMBL59490,1
CHEMBL294292,1
CHEMBL151236,1
CHEMBL343673,1
CHEMBL294152,1
CHEMBL343344,1
CHEMBL136669,1
CHEMBL338492,1
CHEMBL450931,1
CHEMBL358026,0
CHEMBL151922,1
CHEMBL57003,1
CHEMBL543546,1
CHEMBL58194,1
CHEMBL556172,1
CHEMBL3623554,0
CHEMBL416644,1
CHEMBL4094833,1
CHEMBL4647106,0
CHEMBL4276921,1
CHEMBL136670,1
CHEMBL138072,1
CHEMBL296786,1
CHEMBL46151,1
CHEMBL297316,1
CHEMBL4099340,1
CHEMBL1668334,1
CHEMBL416464,1
CHEMBL136294,1
CHEMBL147524,0
CHEMBL273904,1
CHEMBL1952055,1
CHEMBL357953,1
CHEMBL542360,1
CHEMBL1668333,1
CHEMBL188274,0
CHEMBL422459,0
CHEMBL156710,1
CHEMBL294674,1
CHEMBL151861,0
CHEMBL47375,1
CHEMBL543779,1
CHEMBL609718,1
CHEMBL151923,1
CHEMBL103959,1
CHEMBL3403307,1
CHEMBL343319,1
CHEMBL296429,1
CHEMBL544022,1
CHEMBL103153,1
CHEMBL1952056,1
CHEMBL45118,1
CHEMBL58034,1
CHEMBL4285213,1
CHEMBL4282360,1
CHEMBL151559,1
CHEMBL544669,1
CHEMBL151368,0
CHEMBL195437,1
CHEMBL1301463,1
CHEMBL1788255,1
CHEMBL4280224,1
CHEMBL3623561,0
CHEMBL4093928,1
CHEMBL145,1
CHEMBL5591073,1
CHEMBL5583846,0
CHEMBL23838,0
CHEMBL4075136,1
CHEMBL3403309,1
CHEMBL4072405,1
CHEMBL4059684,1
CHEMBL3403306,1
CHEMBL5589962,0
CHEMBL4066365,1
CHEMBL146873,1
CHEMBL57842,1
CHEMBL137226,1
CHEMBL136148,1
CHEMBL137561,1
CHEMBL136870,1
CHEMBL4071149,1
CHEMBL424,1
CHEMBL32749,1
CHEMBL4855755,1
CHEMBL4854298,0
CHEMBL4849436,1
CHEMBL147527,1
CHEMBL4087978,1
CHEMBL4762463,1
CHEMBL136719,1
CHEMBL1626784,1
CHEMBL21,1
CHEMBL293316,1
CHEMBL61515,1
CHEMBL4100253,1
CHEMBL8706,1
CHEMBL347527,0
CHEMBL5591504,1
CHEMBL3403305,1
CHEMBL281202,1
CHEMBL4789995,1
CHEMBL4283986,1
CHEMBL4292574,1
CHEMBL3585781,0
CHEMBL3585784,0
CHEMBL4847987,0
CHEMBL4856140,1
CHEMBL3403308,1
CHEMBL179218,1
CHEMBL4064806,1
CHEMBL4872772,1
CHEMBL3137700,0
CHEMBL89354,0
CHEMBL3585780,0
CHEMBL5590702,0
CHEMBL4288742,1
CHEMBL4284261,1
CHEMBL360055,1
CHEMBL972,1
CHEMBL4280848,1
CHEMBL4466903,1
CHEMBL4868687,1
CHEMBL4076614,1
CHEMBL151883,1
CHEMBL4858186,1
CHEMBL296560,1
CHEMBL318749,1
CHEMBL4868014,1
CHEMBL5593745,1
CHEMBL294199,1
CHEMBL4098455,1
CHEMBL5583545,1
CHEMBL4855838,1
CHEMBL4849361,1
CHEMBL4853637,1
CHEMBL5220560,1
CHEMBL4853742,1
CHEMBL60596,1
CHEMBL5208027,0
CHEMBL521,1
CHEMBL454431,1
CHEMBL2332779,1
CHEMBL457583,1
CHEMBL252579,1
CHEMBL252380,0
CHEMBL253386,0
CHEMBL253603,1
CHEMBL400675,0
CHEMBL252379,1
CHEMBL252781,1
CHEMBL399040,1
CHEMBL3116289,1
CHEMBL3116290,1
CHEMBL3116280,1
CHEMBL1651043,1
CHEMBL5281699,1
CHEMBL3763535,1
CHEMBL4588777,1
CHEMBL4539963,1
CHEMBL4544025,1
CHEMBL5086177,1
CHEMBL5079168,1
CHEMBL4467130,0
CHEMBL5220884,1
CHEMBL25524,1
CHEMBL105017,0
CHEMBL449941,0
CHEMBL6171454,1
CHEMBL1940613,0
CHEMBL3827734,0
CHEMBL5914393,1
CHEMBL4164078,0
CHEMBL3323068,1
CHEMBL165292,1
CHEMBL469423,1
CHEMBL2047529,0
CHEMBL3417003,0
CHEMBL1669480,1
CHEMBL4453954,0
CHEMBL5408735,1
CHEMBL87649,0
CHEMBL4762419,0
CHEMBL3696475,1
CHEMBL4545701,0
CHEMBL4636399,1
CHEMBL3115020,1
CHEMBL5203109,0
CHEMBL5199361,0
CHEMBL5270796,1
CHEMBL4099486,1
CHEMBL4069847,1
CHEMBL3604193,0
CHEMBL1814730,0
CHEMBL158232,0
CHEMBL347354,0
CHEMBL5183866,1
CHEMBL1240668,0
CHEMBL158174,0
CHEMBL3233996,1
CHEMBL1344483,1
CHEMBL3233994,1
CHEMBL125578,0
CHEMBL1504199,1
CHEMBL1082081,0
CHEMBL4799313,1
CHEMBL4529341,1
CHEMBL1377579,1
CHEMBL4796237,1
CHEMBL1556015,1
CHEMBL4288558,1
CHEMBL4571402,1
CHEMBL4798907,1
CHEMBL4792483,1
CHEMBL4782186,1
CHEMBL5408625,1
CHEMBL510954,1
CHEMBL5427350,1
CHEMBL5411734,1
CHEMBL452201,1
CHEMBL5416128,1
CHEMBL54577,1
CHEMBL54956,0
CHEMBL5285784,0
CHEMBL12941,1
CHEMBL1651247,0
CHEMBL4745688,1
CHEMBL1917826,1
CHEMBL4793387,1
CHEMBL4787011,1
CHEMBL59074,1
CHEMBL211652,1
CHEMBL211596,1
CHEMBL4635134,1
CHEMBL4443695,0
CHEMBL1348834,0
CHEMBL4444968,1
CHEMBL4561792,1
CHEMBL4447514,1
CHEMBL4442580,0
CHEMBL4591283,1
CHEMBL4458653,1
CHEMBL4453051,1
CHEMBL4091169,0
CHEMBL1424080,1
CHEMBL4435826,1
CHEMBL4587156,0
CHEMBL4443013,1
CHEMBL4583534,0
CHEMBL6133267,1
CHEMBL6152587,1
CHEMBL1084096,0
CHEMBL3818801,0
CHEMBL5083432,1
CHEMBL4453856,1
CHEMBL5072382,0
CHEMBL3323039,0
CHEMBL404407,1
CHEMBL1770554,1
CHEMBL239633,1
CHEMBL74827,0
CHEMBL6144623,1
CHEMBL1084789,1
CHEMBL263322,0
CHEMBL1084255,1
CHEMBL468568,1
CHEMBL4542112,1
CHEMBL2088783,1
CHEMBL2419685,1
CHEMBL3826998,1
CHEMBL3828443,0
CHEMBL3586198,1
CHEMBL3586204,1
CHEMBL4172510,1
CHEMBL4168710,1
CHEMBL4164524,0
CHEMBL2441673,0
CHEMBL4091935,1
CHEMBL1834069,1
CHEMBL1834077,1
CHEMBL1834076,1
CHEMBL1834075,1
CHEMBL1834078,1
CHEMBL1834073,1
CHEMBL1834079,1
CHEMBL1834071,1
CHEMBL3827189,0
CHEMBL3828631,0
CHEMBL3827589,0
CHEMBL4159243,0
CHEMBL379065,1
CHEMBL6173740,0
CHEMBL6188487,0
CHEMBL4173704,1
CHEMBL2018160,1
CHEMBL4165100,0
CHEMBL4162999,1
CHEMBL4176452,0
CHEMBL4077952,0
CHEMBL4177075,0
CHEMBL4161805,1
CHEMBL5219352,0
CHEMBL4175384,0
CHEMBL4171947,0
CHEMBL4161343,1
CHEMBL4168198,0
CHEMBL4164761,0
CHEMBL5220983,0
CHEMBL4555887,0
CHEMBL5204900,0
CHEMBL153934,1
CHEMBL1773485,0
CHEMBL2441678,1
CHEMBL397871,1
CHEMBL2441695,1
CHEMBL1644325,1
CHEMBL1644328,1
CHEMBL3828381,1
CHEMBL426113,1
CHEMBL1642972,1
CHEMBL3261985,1
CHEMBL5172037,1
CHEMBL5196199,1
CHEMBL4129007,1
CHEMBL4128191,1
CHEMBL4126674,1
CHEMBL4130217,1
CHEMBL4128040,1
CHEMBL4125708,1
CHEMBL4129940,1
CHEMBL4127747,1
CHEMBL4129420,1
CHEMBL4128985,1
CHEMBL4125722,1
CHEMBL4645659,0
CHEMBL4460528,1
CHEMBL4565602,1
CHEMBL7002,1
CHEMBL465514,1
CHEMBL5188500,0
CHEMBL2425413,1
CHEMBL1194868,1
CHEMBL496,1
CHEMBL1831286,1
CHEMBL5174709,1
CHEMBL6170205,1
CHEMBL6172776,1
CHEMBL6170553,1
CHEMBL1819174,0
CHEMBL3597556,1
CHEMBL140,1
CHEMBL1084709,1
CHEMBL4068935,1
CHEMBL4092562,1
CHEMBL3360486,1
CHEMBL583855,1
CHEMBL5591729,1
CHEMBL241974,0
CHEMBL442813,1
CHEMBL1443379,1
CHEMBL2402007,1
CHEMBL174046,0
CHEMBL173935,0
CHEMBL176521,0
CHEMBL609977,0
CHEMBL173607,0
CHEMBL173018,0
CHEMBL137059,0
CHEMBL263785,0
CHEMBL2160227,0
CHEMBL2160228,1
CHEMBL87373,0
CHEMBL82810,0
CHEMBL5171929,0
CHEMBL5206601,0
CHEMBL539072,0
CHEMBL542497,0
CHEMBL315515,0
CHEMBL609440,0
CHEMBL1161714,0
CHEMBL6168279,1
CHEMBL4164540,0
CHEMBL1834877,1
CHEMBL4800403,0
CHEMBL5205468,1
CHEMBL3944652,0
CHEMBL3973337,1
CHEMBL3928343,0
CHEMBL3910513,0
CHEMBL3891369,0
CHEMBL3919441,0
CHEMBL3900401,0
CHEMBL3889713,1
CHEMBL1669486,0
CHEMBL4175175,0
CHEMBL4083306,1
CHEMBL5221017,1
CHEMBL323655,1
CHEMBL4241100,1
CHEMBL4250950,1
CHEMBL4244773,1
CHEMBL6170750,0
CHEMBL357492,1
CHEMBL3787223,0
CHEMBL3785207,0
CHEMBL4579904,1
CHEMBL3786873,0
CHEMBL151225,1
CHEMBL148771,1
CHEMBL147033,1
CHEMBL359288,1
CHEMBL151388,1
CHEMBL3786937,0
CHEMBL3785269,0
CHEMBL3786516,0
CHEMBL3786448,0
CHEMBL3785391,0
CHEMBL3786719,0
CHEMBL3787502,0
CHEMBL3786651,0
CHEMBL3786442,0
CHEMBL151387,1
CHEMBL422860,1
CHEMBL608112,1
CHEMBL490359,0
CHEMBL2234528,0
CHEMBL3960964,1
CHEMBL3972317,0
CHEMBL3985136,0
CHEMBL3986650,0
CHEMBL3981703,1
CHEMBL3968230,1
CHEMBL3920662,1
CHEMBL3911730,1
CHEMBL2234526,0
CHEMBL2234532,0
CHEMBL219406,0
CHEMBL3947803,0
CHEMBL3939015,1
CHEMBL218940,0
CHEMBL3949770,0
CHEMBL3895528,0
CHEMBL2234527,0
CHEMBL219400,0
CHEMBL374184,0
CHEMBL2234529,0
CHEMBL3944088,1
CHEMBL3938676,1
CHEMBL2234531,0
CHEMBL219405,0
CHEMBL219172,0
CHEMBL436302,0
CHEMBL2234530,0
CHEMBL3933508,0
CHEMBL3985662,0
CHEMBL3922471,1
CHEMBL491561,0
CHEMBL3941497,0
CHEMBL491358,0
CHEMBL220294,0
CHEMBL470715,0
CHEMBL218939,0
CHEMBL3981946,0
CHEMBL3910033,0
CHEMBL2234525,0
CHEMBL3959939,1
CHEMBL3891315,0
CHEMBL3919972,1
CHEMBL3896153,1
CHEMBL6165742,1
CHEMBL6103104,1
CHEMBL453019,1
CHEMBL4469066,0
CHEMBL5633979,0
CHEMBL1194486,0
CHEMBL1084775,0
CHEMBL4128061,1
CHEMBL2064404,0
CHEMBL4795370,1
CHEMBL1204162,0
CHEMBL5220742,0
CHEMBL4747836,0
CHEMBL5583734,1
CHEMBL4080691,0
CHEMBL4073273,1
CHEMBL1084531,0
CHEMBL1173603,1
CHEMBL1311140,1
CHEMBL418068,1
CHEMBL40275,1
CHEMBL294264,0
CHEMBL388560,1
CHEMBL5426641,1
CHEMBL6166202,1
CHEMBL225689,0
CHEMBL1642979,0
CHEMBL1198993,1
CHEMBL603622,0
CHEMBL3401159,0
CHEMBL376425,1
CHEMBL211383,1
CHEMBL377037,1
CHEMBL212526,1
CHEMBL136933,1
CHEMBL413039,1
CHEMBL343365,1
CHEMBL1083065,0
CHEMBL344656,1
CHEMBL3753508,1
CHEMBL3752555,0
CHEMBL2440134,0
CHEMBL4101018,0
CHEMBL4095035,0
CHEMBL4099391,0
CHEMBL4073287,0
CHEMBL4082048,0
CHEMBL4084842,0
CHEMBL4083039,0
CHEMBL4063583,0
CHEMBL4070471,0
CHEMBL4076580,0
CHEMBL4098703,0
CHEMBL4076986,0
CHEMBL3582223,0
CHEMBL5592999,1
CHEMBL1084254,1
CHEMBL3289942,1
CHEMBL3289932,1
CHEMBL5205498,1
CHEMBL5202485,0
CHEMBL5181051,0
CHEMBL4162121,1
CHEMBL474268,0
CHEMBL491528,1
CHEMBL3939698,1
CHEMBL4800310,1
CHEMBL4776765,1
CHEMBL1085781,1
CHEMBL5573558,0
CHEMBL3828054,0
CHEMBL241011,0
CHEMBL60167,0
CHEMBL292121,0
CHEMBL292480,1
CHEMBL294745,1
CHEMBL304447,1
CHEMBL64615,1
CHEMBL59844,1
CHEMBL293896,1
CHEMBL58122,1
CHEMBL59730,1
CHEMBL60308,1
CHEMBL292122,1
CHEMBL293842,1
CHEMBL187812,1
CHEMBL5203291,1
CHEMBL340171,0
CHEMBL309131,1
CHEMBL4098654,0
CHEMBL4100298,0
CHEMBL574746,1
CHEMBL583776,1
CHEMBL357843,1
CHEMBL359412,1
CHEMBL4855045,0
CHEMBL4850585,0
CHEMBL4864593,1
CHEMBL4848411,1
CHEMBL74359,0
CHEMBL4562793,0
CHEMBL4784191,0
CHEMBL6172838,0
CHEMBL6176118,0
CHEMBL6164758,0
CHEMBL4164525,1
CHEMBL4796602,0
CHEMBL4741219,0
CHEMBL4787590,1
CHEMBL6175104,0
CHEMBL5199487,0
CHEMBL1819180,0
CHEMBL1773487,0
CHEMBL2391486,0
CHEMBL4854572,1
CHEMBL4873162,1
CHEMBL4786712,1
CHEMBL5268704,1
CHEMBL5272675,1
CHEMBL5567533,0
CHEMBL1642976,0
CHEMBL1088155,1
CHEMBL3261989,1
CHEMBL3885186,0
CHEMBL5417332,1
CHEMBL2181440,1
CHEMBL5569594,1
CHEMBL189870,1
CHEMBL2396907,1
CHEMBL4099598,1
CHEMBL4062146,1
CHEMBL4083875,1
CHEMBL6189355,0
CHEMBL4438286,1
CHEMBL4578305,1
CHEMBL3931517,1
CHEMBL4468385,1
CHEMBL1243268,1
CHEMBL4563523,1
CHEMBL4540814,1
CHEMBL4525824,1
CHEMBL4441005,1
CHEMBL4291591,1
CHEMBL3819548,0
CHEMBL3819320,1
CHEMBL3905695,0
CHEMBL3818512,0
CHEMBL3818332,1
CHEMBL3818990,0
CHEMBL4277644,1
CHEMBL4292766,0
CHEMBL3819383,0
CHEMBL3916769,0
CHEMBL3818089,0
CHEMBL3817981,1
CHEMBL4295126,1
CHEMBL3892044,1
CHEMBL3818782,0
CHEMBL4282558,1
CHEMBL3818086,1
CHEMBL3818992,1
CHEMBL3965783,0
CHEMBL4292349,1
CHEMBL4291697,1
CHEMBL4281066,1
CHEMBL3819231,0
CHEMBL4278260,1
CHEMBL3818689,0
CHEMBL4284475,0
CHEMBL4281727,1
CHEMBL3819083,0
CHEMBL4293155,1
CHEMBL4283390,1
CHEMBL4288282,1
CHEMBL4284895,1
CHEMBL362444,0
CHEMBL381926,0
CHEMBL205231,0
CHEMBL367795,0
CHEMBL205940,0
CHEMBL4285818,1
CHEMBL4293015,1
CHEMBL4283651,1
CHEMBL4277879,1
CHEMBL448799,1
CHEMBL2409142,0
CHEMBL3621332,0
CHEMBL2011405,1
CHEMBL253998,0
CHEMBL3085398,1
CHEMBL2011404,1
CHEMBL2011403,1
CHEMBL223256,1
CHEMBL2011406,1
CHEMBL9352,1
CHEMBL459258,1
CHEMBL253152,1
CHEMBL374130,1
CHEMBL399121,1
CHEMBL453641,1
CHEMBL2011402,1
CHEMBL8996,1
CHEMBL5172348,1
CHEMBL5186955,1
CHEMBL312761,0
CHEMBL75274,0
CHEMBL312310,0
CHEMBL221992,0
CHEMBL3356951,0
CHEMBL3356538,0
CHEMBL3356528,1
CHEMBL3356532,0
CHEMBL3356534,0
CHEMBL3356536,0
CHEMBL3356530,0
CHEMBL3356953,0
CHEMBL3356540,1
CHEMBL5435163,0
CHEMBL540833,0
CHEMBL431519,0
CHEMBL427232,0
CHEMBL5173038,0
CHEMBL5594849,1
CHEMBL301610,1
CHEMBL4541077,0
CHEMBL1459962,0
CHEMBL623,1
CHEMBL91774,0
CHEMBL3116295,1
CHEMBL5573115,1
CHEMBL1081810,0
CHEMBL5594315,1
CHEMBL1085465,1
CHEMBL5563895,1
CHEMBL5575842,1
CHEMBL5575002,0
CHEMBL5573162,1
CHEMBL5571191,1
CHEMBL5568964,1
CHEMBL5571074,1
CHEMBL5570773,1
CHEMBL5590734,1
CHEMBL5567301,1
CHEMBL4091851,0
CHEMBL189517,0
CHEMBL3310699,1
CHEMBL4789172,0
CHEMBL2107723,1
CHEMBL5205489,0
CHEMBL3115036,1
CHEMBL3115031,1
CHEMBL3115030,1
CHEMBL3115034,1
CHEMBL3115197,1
CHEMBL3115037,1
CHEMBL3115033,1
CHEMBL3115035,1
CHEMBL3115032,1
CHEMBL3115198,1
CHEMBL221811,1
CHEMBL266084,1
CHEMBL5288400,1
CHEMBL5194876,1
CHEMBL94059,1
CHEMBL4167973,1
CHEMBL1161674,0
CHEMBL5398991,1
CHEMBL5406473,1
CHEMBL4217126,1
CHEMBL4210729,0
CHEMBL4214668,0
CHEMBL5593429,1
CHEMBL6193693,1
CHEMBL394753,1
CHEMBL3770516,1
CHEMBL1783519,0
CHEMBL349127,1
CHEMBL557181,0
CHEMBL4075021,1
CHEMBL4094761,1
CHEMBL4748114,0
CHEMBL396199,0
CHEMBL4645476,1
CHEMBL4635686,1
CHEMBL61905,1
CHEMBL442361,1
CHEMBL294897,1
CHEMBL291783,1
CHEMBL60874,1
CHEMBL299898,1
CHEMBL62210,1
CHEMBL293751,1
CHEMBL58190,1
CHEMBL2181438,1
CHEMBL1085858,0
CHEMBL4165513,1
CHEMBL340866,1
CHEMBL3827432,0
CHEMBL3093791,0
CHEMBL3093787,0
CHEMBL317541,0
CHEMBL3934295,1
CHEMBL3901518,1
CHEMBL3981622,1
CHEMBL3925400,1
CHEMBL3970993,1
CHEMBL3916407,1
CHEMBL3920563,1
CHEMBL3925211,1
CHEMBL3953893,1
CHEMBL3986315,1
CHEMBL3902616,1
CHEMBL3914364,0
CHEMBL3897347,1
CHEMBL3943261,1
CHEMBL3892569,1
CHEMBL4779440,1
CHEMBL3982580,1
CHEMBL3892652,1
CHEMBL3897479,1
CHEMBL3973603,1
CHEMBL3924569,1
CHEMBL3979102,1
CHEMBL3957605,0
CHEMBL3969818,1
CHEMBL3900117,1
CHEMBL3942074,1
CHEMBL3893741,1
CHEMBL3915297,1
CHEMBL3899601,1
CHEMBL3889812,1
CHEMBL3986155,0
CHEMBL3906317,1
CHEMBL4168617,1
CHEMBL186090,0
CHEMBL5200462,0
CHEMBL142013,1
CHEMBL4514959,0
CHEMBL179320,1
CHEMBL1242981,0
CHEMBL206093,0
CHEMBL426674,0
CHEMBL178770,0
CHEMBL206237,1
CHEMBL206642,1
CHEMBL93123,0
CHEMBL5280639,0
CHEMBL5191163,1
CHEMBL1482486,1
CHEMBL1340607,1
CHEMBL3884618,0
CHEMBL6162129,1
CHEMBL2396911,1
CHEMBL4782477,1
CHEMBL2297279,0
CHEMBL241827,1
CHEMBL241828,1
CHEMBL241830,1
CHEMBL3818374,1
CHEMBL3819024,1
CHEMBL4445377,1
CHEMBL3093796,0
CHEMBL491346,1
CHEMBL1940736,0
CHEMBL306492,0
CHEMBL4086152,1
CHEMBL4099308,1
CHEMBL4072484,1
CHEMBL4065374,1
CHEMBL4087364,1
CHEMBL4065910,1
CHEMBL4105221,1
CHEMBL3957099,1
CHEMBL3290188,1
CHEMBL4289362,0
CHEMBL4282502,1
CHEMBL278963,0
CHEMBL4591417,0
CHEMBL4173313,0
CHEMBL6151322,0
CHEMBL6171344,0
CHEMBL6192909,1
CHEMBL496488,1
CHEMBL136251,1
CHEMBL142014,1
CHEMBL1770550,1
CHEMBL3318018,0
CHEMBL3415643,0
CHEMBL134240,1
CHEMBL132260,0
CHEMBL133520,0
CHEMBL337453,0
CHEMBL134154,0
CHEMBL132619,0
CHEMBL4535585,0
CHEMBL64815,1
CHEMBL64465,0
CHEMBL418643,1
CHEMBL59628,0
CHEMBL61506,1
CHEMBL4070182,0
CHEMBL4076034,1
CHEMBL4164418,1
CHEMBL4162070,1
CHEMBL3262671,1
CHEMBL336625,1
CHEMBL131536,1
CHEMBL131588,1
CHEMBL131051,1
CHEMBL130112,1
CHEMBL334971,1
CHEMBL133580,1
CHEMBL3335054,1
CHEMBL3335055,1
CHEMBL478666,0
CHEMBL1084369,0
CHEMBL327135,0
CHEMBL511948,1
CHEMBL497755,1
CHEMBL4749077,0
CHEMBL3786655,1
CHEMBL3785861,0
CHEMBL5184869,0
CHEMBL394348,0
CHEMBL1915758,1
CHEMBL5220375,0
CHEMBL4859041,0
CHEMBL4870877,0
CHEMBL4846646,0
CHEMBL5523420,0
CHEMBL50,1
CHEMBL5272243,0
CHEMBL327209,1
CHEMBL164,0
CHEMBL78010,1
CHEMBL3634645,1
CHEMBL477770,1
CHEMBL309490,0
CHEMBL2297277,1
CHEMBL5284318,0
CHEMBL2297278,1
CHEMBL31574,0
CHEMBL5274465,0
CHEMBL4789142,1
CHEMBL4795422,1
CHEMBL2235239,1
CHEMBL5278429,0
CHEMBL4787451,1
CHEMBL5278858,1
CHEMBL5282833,0
CHEMBL4762069,1
CHEMBL4757466,0
CHEMBL14638,1
CHEMBL5185234,0
CHEMBL130880,0
CHEMBL5315772,1
CHEMBL4576193,1
CHEMBL180483,0
CHEMBL3759013,1
CHEMBL556939,1
CHEMBL5290626,1
CHEMBL5271985,1
CHEMBL245079,0
CHEMBL4760427,1
CHEMBL2409140,1
CHEMBL406645,1
CHEMBL3289939,1
CHEMBL3289929,1
CHEMBL4458033,1
CHEMBL4794030,1
CHEMBL4783852,1
CHEMBL3093175,0
CHEMBL4162043,1
CHEMBL4164315,1
CHEMBL158242,0
CHEMBL156487,0
CHEMBL152826,0
CHEMBL347667,0
CHEMBL347023,0
CHEMBL352247,0
CHEMBL153848,0
CHEMBL422338,0
CHEMBL155499,0
CHEMBL440185,0
CHEMBL157327,0
CHEMBL350916,0
CHEMBL155371,0
CHEMBL155191,0
CHEMBL154848,0
CHEMBL423419,0
CHEMBL4277357,1
CHEMBL4290992,1
CHEMBL4453905,0
CHEMBL611732,1
CHEMBL1082738,0
CHEMBL4792248,1
CHEMBL4791528,1
CHEMBL4280612,0
CHEMBL427342,0
CHEMBL4562938,0
CHEMBL4593917,1
CHEMBL4516508,0
CHEMBL4551316,1
CHEMBL4555730,0
CHEMBL4540644,1
CHEMBL4544950,0
CHEMBL4588487,1
CHEMBL4575730,1
CHEMBL4519072,1
CHEMBL438324,1
CHEMBL76014,0
CHEMBL3233828,0
CHEMBL4293086,1
CHEMBL1083054,1
CHEMBL4798535,0
CHEMBL4794549,0
CHEMBL3233993,1
CHEMBL3604199,0
CHEMBL4758624,0
CHEMBL3237527,1
CHEMBL5411115,1
CHEMBL5396071,0
CHEMBL122983,1
CHEMBL122575,1
CHEMBL4077157,0
CHEMBL4531896,1
CHEMBL303574,1
CHEMBL2271411,0
CHEMBL139424,1
CHEMBL1200623,1
CHEMBL187266,1
CHEMBL3632990,0
CHEMBL3410952,0
CHEMBL3632626,1
CHEMBL5271815,1
CHEMBL5219563,1
CHEMBL5208725,0
CHEMBL4163781,1
CHEMBL5267817,1
CHEMBL4294109,1
CHEMBL3582216,0
CHEMBL478667,0
CHEMBL1916929,1
CHEMBL1916927,1
CHEMBL1916766,1
CHEMBL1916770,1
CHEMBL4242359,0
CHEMBL4075061,0
CHEMBL4101886,1
CHEMBL175047,0
CHEMBL3343922,0
CHEMBL3343882,0
CHEMBL3343885,0
CHEMBL2064471,0
CHEMBL6170242,1
CHEMBL3827950,1
CHEMBL130738,1
CHEMBL341251,1
CHEMBL3335020,1
CHEMBL3335021,1
CHEMBL3335017,1
CHEMBL3335023,1
CHEMBL3335022,1
CHEMBL3335024,1
CHEMBL3335018,1
CHEMBL3335019,1
CHEMBL1762000,1
CHEMBL3233935,0
CHEMBL3233934,0
CHEMBL4860467,1
CHEMBL4856181,1
CHEMBL4848548,1
CHEMBL5267972,1
CHEMBL3597946,1
CHEMBL3597939,1
CHEMBL3597948,1
CHEMBL589390,1
CHEMBL397891,0
CHEMBL3754631,1
CHEMBL3754448,1
CHEMBL136135,1
CHEMBL3215573,0
CHEMBL1651245,0
CHEMBL5574783,0
CHEMBL5568989,0
CHEMBL4475612,1
CHEMBL4465544,1
CHEMBL2323352,1
CHEMBL2323353,1
CHEMBL2323351,1
CHEMBL1081124,1
CHEMBL1642985,1
CHEMBL3261990,1
CHEMBL6132963,1
CHEMBL5402411,1
CHEMBL4217346,0
CHEMBL4206484,0
CHEMBL4205910,1
CHEMBL4634371,1
CHEMBL4759253,1
CHEMBL4742138,1
CHEMBL4795876,1
CHEMBL4764558,1
CHEMBL4755445,1
CHEMBL4756451,1
CHEMBL4796437,0
CHEMBL4086248,1
CHEMBL4091385,1
CHEMBL3133436,0
CHEMBL3133433,0
CHEMBL3133432,1
CHEMBL3234592,0
CHEMBL4287748,0
CHEMBL6134414,1
CHEMBL4160856,1
CHEMBL2238282,0
CHEMBL2238280,0
CHEMBL3621322,0
CHEMBL5433692,0
CHEMBL4866752,1
CHEMBL5418455,0
CHEMBL5396497,0
CHEMBL4283770,0
CHEMBL4289104,1
CHEMBL4277095,1
CHEMBL4285471,1
CHEMBL4281894,1
CHEMBL1383041,1
CHEMBL4278434,1
CHEMBL4280935,1
CHEMBL1202884,0
CHEMBL219316,0
CHEMBL4238937,1
CHEMBL4250510,1
CHEMBL4248378,1
CHEMBL4250314,1
CHEMBL1161717,0
CHEMBL1161718,0
CHEMBL1161716,1
CHEMBL1161719,1
CHEMBL1161720,1
CHEMBL4065799,1
CHEMBL4102718,1
CHEMBL4084714,1
CHEMBL4087300,1
CHEMBL4094981,1
CHEMBL4105158,1
CHEMBL4088116,1
CHEMBL4063045,1
CHEMBL4085671,1
CHEMBL4067562,1
CHEMBL4093408,1
CHEMBL4086323,1
CHEMBL4078463,1
CHEMBL4103604,1
CHEMBL4064846,1
CHEMBL315385,0
CHEMBL6148088,0
CHEMBL332051,0
CHEMBL325502,0
CHEMBL115835,0
CHEMBL6150428,1
CHEMBL6146847,0
CHEMBL6151131,1
CHEMBL3087677,1
CHEMBL1288822,1
CHEMBL1288823,1
CHEMBL1288828,1
CHEMBL1288826,1
CHEMBL1288829,1
CHEMBL1289825,1
CHEMBL1290152,1
CHEMBL1288827,1
CHEMBL1288824,1
CHEMBL1288825,1
CHEMBL1289942,1
CHEMBL1290043,1
CHEMBL4753478,1
CHEMBL4791089,1
CHEMBL4785551,1
CHEMBL4748792,1
CHEMBL4792741,1
CHEMBL4746460,1
CHEMBL4792678,1
CHEMBL4741669,1
CHEMBL4753139,1
CHEMBL3828693,0
CHEMBL3586577,0
CHEMBL64894,1
CHEMBL504323,1
CHEMBL452895,1
CHEMBL4590539,1
CHEMBL4792208,1
CHEMBL4788813,1
CHEMBL153865,0
CHEMBL345905,0
CHEMBL1762003,0
CHEMBL5080190,1
CHEMBL5284727,1
CHEMBL3769811,1
CHEMBL3770803,1
CHEMBL224336,0
CHEMBL388551,0
CHEMBL1086247,0
CHEMBL5633342,0
CHEMBL3220510,1
CHEMBL3220513,1
CHEMBL1325943,1
CHEMBL3220509,1
CHEMBL3220507,1
CHEMBL3220508,1
CHEMBL5594511,1
CHEMBL188325,0
CHEMBL3605361,0
CHEMBL1651244,0
CHEMBL3582225,0
CHEMBL222037,1
CHEMBL4059560,1
CHEMBL3600551,0
CHEMBL3600552,0
CHEMBL3600556,0
CHEMBL3600554,0
CHEMBL4084371,0
CHEMBL2314746,1
CHEMBL4527805,1
CHEMBL3353041,0
CHEMBL5597239,1
CHEMBL3343884,0
CHEMBL3410956,0
CHEMBL3632851,1
CHEMBL3632994,0
CHEMBL13308,0
CHEMBL4788434,0
CHEMBL273051,0
CHEMBL5575737,0
CHEMBL5573861,0
CHEMBL5595199,0
CHEMBL5569081,0
CHEMBL1766148,1
CHEMBL4067388,1
CHEMBL4102571,1
CHEMBL4172720,1
CHEMBL1651127,0
CHEMBL4438642,1
CHEMBL2022933,0
CHEMBL1916768,1
CHEMBL1194487,0
CHEMBL5177066,0
CHEMBL4849276,1
CHEMBL4857977,1
CHEMBL4865927,1
CHEMBL3290191,1
CHEMBL325203,1
CHEMBL4090842,1
CHEMBL4783438,1
CHEMBL4778694,1
CHEMBL199670,0
CHEMBL199585,0
CHEMBL372202,0
CHEMBL382260,0
CHEMBL381499,0
CHEMBL4589980,0
CHEMBL4783762,1
CHEMBL4778914,1
CHEMBL4791833,1
CHEMBL4788638,1
CHEMBL4785000,1
CHEMBL4785258,1
CHEMBL4791061,1
CHEMBL4796157,1
CHEMBL4788885,1
CHEMBL4786368,1
CHEMBL4781509,0
CHEMBL4797670,0
CHEMBL4797691,1
CHEMBL4796540,0
CHEMBL4789238,0
CHEMBL4776809,0
CHEMBL4784748,1
CHEMBL4798736,1
CHEMBL4789164,1
CHEMBL4793972,1
CHEMBL4785451,1
CHEMBL4795263,1
CHEMBL4793631,0
CHEMBL4776766,1
CHEMBL4796496,1
CHEMBL4797466,1
CHEMBL4784275,1
CHEMBL4786171,1
CHEMBL4799601,0
CHEMBL4800328,1
CHEMBL4789019,0
CHEMBL4784649,1
CHEMBL1929043,1
CHEMBL4591636,1
CHEMBL5276617,0
CHEMBL5290959,0
CHEMBL12324,1
CHEMBL3133442,1
CHEMBL3133439,1
CHEMBL4072258,1
CHEMBL1940617,1
CHEMBL4751100,0
CHEMBL5409526,1
CHEMBL557405,0
CHEMBL224469,1
CHEMBL334395,0
CHEMBL336276,0
CHEMBL133388,0
CHEMBL131320,0
CHEMBL336524,0
CHEMBL337714,0
CHEMBL130098,0
CHEMBL336538,0
CHEMBL515920,1
CHEMBL6152561,1
CHEMBL4752675,0
CHEMBL4751237,1
CHEMBL4276675,0
CHEMBL3922423,0
CHEMBL89012,1
CHEMBL1084952,1
CHEMBL118033,1
CHEMBL1773488,0
CHEMBL1773490,0
CHEMBL514966,1
CHEMBL474837,1
CHEMBL471581,1
CHEMBL490507,0
CHEMBL470907,0
CHEMBL1773482,0
CHEMBL1773486,0
CHEMBL511468,1
CHEMBL492098,1
CHEMBL1773478,0
CHEMBL3237520,1
CHEMBL513236,1
CHEMBL490360,1
CHEMBL2206896,0
CHEMBL2206898,1
CHEMBL2206897,1
CHEMBL2206899,1
CHEMBL2206900,1
CHEMBL2206895,0
CHEMBL2206894,1
CHEMBL2206892,0
CHEMBL2206891,0
CHEMBL2206893,1
CHEMBL75729,0
CHEMBL1202929,1
CHEMBL5404393,1
CHEMBL5427383,1
CHEMBL5421973,1
CHEMBL5416845,1
CHEMBL5424185,1
CHEMBL5413217,1
CHEMBL5440621,1
CHEMBL5401085,1
CHEMBL5401005,1
CHEMBL5419417,1
CHEMBL1202939,1
CHEMBL1202933,1
CHEMBL5409029,1
CHEMBL5403260,1
CHEMBL1202941,1
CHEMBL5397966,1
CHEMBL612099,1
CHEMBL5088176,1
CHEMBL5218900,0
CHEMBL4516296,0
CHEMBL4571434,0
CHEMBL4449161,0
CHEMBL4441237,0
CHEMBL4520782,0
CHEMBL4437163,0
CHEMBL4537886,0
CHEMBL1276567,1
CHEMBL5595921,0
CHEMBL3822790,1
CHEMBL3822559,1
CHEMBL3823317,1
CHEMBL3823464,1
CHEMBL3822670,1
CHEMBL3823538,1
CHEMBL3824239,1
CHEMBL3819646,1
CHEMBL3818415,1
CHEMBL3818616,0
CHEMBL3819155,1
CHEMBL3819220,0
CHEMBL3818084,0
CHEMBL3819531,0
CHEMBL3819574,1
CHEMBL3818167,1
CHEMBL4241840,0
CHEMBL3818230,1
CHEMBL3819113,1
CHEMBL168938,0
CHEMBL362704,0
CHEMBL380830,0
CHEMBL205967,1
CHEMBL4068340,1
CHEMBL240047,1
CHEMBL3770866,1
CHEMBL5187881,0
CHEMBL2160213,1
CHEMBL146158,1
CHEMBL3586201,1
CHEMBL3586203,1
CHEMBL1761996,1
CHEMBL4088659,1
CHEMBL491562,1
CHEMBL5169453,0
CHEMBL117826,1
CHEMBL1083055,1
CHEMBL152722,1
CHEMBL610242,0
CHEMBL5852183,1
CHEMBL6054495,1
CHEMBL4741070,1
CHEMBL4779514,1
CHEMBL4759959,1
CHEMBL4777412,1
CHEMBL4793075,1
CHEMBL4741162,0
CHEMBL3818250,1
CHEMBL4287826,1
CHEMBL314658,0
CHEMBL3559488,0
CHEMBL4797177,0
CHEMBL133897,0
CHEMBL6189555,0
CHEMBL5409611,1
CHEMBL5417071,1
CHEMBL5418400,1
CHEMBL5412993,1
CHEMBL5431601,1
CHEMBL5434636,1
CHEMBL5429690,1
CHEMBL5420941,1
CHEMBL5413699,1
CHEMBL5404420,1
CHEMBL5398273,1
CHEMBL5424979,1
CHEMBL5399726,1
CHEMBL5396049,1
CHEMBL5420247,1
CHEMBL5280435,1
CHEMBL5271644,1
CHEMBL4072457,1
CHEMBL3116296,1
CHEMBL3085881,0
CHEMBL13214,1
CHEMBL211943,1
CHEMBL5199151,0
CHEMBL5403562,1
CHEMBL4852721,0
CHEMBL4863431,0
CHEMBL4858117,0
CHEMBL4845755,0
CHEMBL4868918,0
CHEMBL4871975,0
CHEMBL4875944,0
CHEMBL1995010,0
CHEMBL4867081,0
CHEMBL4860610,0
CHEMBL318517,0
CHEMBL343054,1
CHEMBL337494,1
CHEMBL377041,1
CHEMBL3234040,0
CHEMBL5202541,1
CHEMBL5200035,1
CHEMBL5182136,1
CHEMBL5176910,1
CHEMBL5197349,1
CHEMBL5185240,1
CHEMBL5169638,1
CHEMBL5196941,1
CHEMBL3754672,0
CHEMBL3754005,0
CHEMBL342370,1
CHEMBL609719,1
CHEMBL139259,1
CHEMBL334938,1
CHEMBL335439,1
CHEMBL4787418,1
CHEMBL592857,1
CHEMBL4094543,1
CHEMBL4067881,1
CHEMBL5182486,1
CHEMBL326868,1
CHEMBL3403310,1
CHEMBL4459500,0
CHEMBL4444822,0
CHEMBL4538398,1
CHEMBL3360758,1
CHEMBL4085283,1
CHEMBL4438626,0
CHEMBL128471,0
CHEMBL128043,0
CHEMBL1084366,0
CHEMBL1429841,1
CHEMBL386053,1
CHEMBL153821,1
CHEMBL1203535,1
CHEMBL155322,0
CHEMBL345849,0
CHEMBL154263,0
CHEMBL154366,0
CHEMBL152260,0
CHEMBL154211,0
CHEMBL3216422,0
CHEMBL5992630,1
CHEMBL471187,1
CHEMBL4168179,1
CHEMBL4291400,1
CHEMBL4074993,1
CHEMBL3115038,1
CHEMBL4796461,0
CHEMBL128780,0
CHEMBL129753,0
CHEMBL1083070,0
CHEMBL225611,1
CHEMBL5198839,1
CHEMBL4168520,0
CHEMBL4176380,1
CHEMBL1651125,0
CHEMBL5171268,1
CHEMBL5404712,1
CHEMBL1770555,0
CHEMBL3410955,0
CHEMBL3632850,1
CHEMBL3632993,0
CHEMBL156659,1
CHEMBL5414511,0
CHEMBL5440650,0
CHEMBL5436875,0
CHEMBL2323355,1
CHEMBL2323356,1
CHEMBL2323354,1
CHEMBL4276694,1
CHEMBL4284619,1
CHEMBL3965046,1
CHEMBL4291845,1
CHEMBL4285972,1
CHEMBL2448076,0
CHEMBL5401178,1
CHEMBL2181437,1
CHEMBL3361270,0
CHEMBL61965,1
CHEMBL62664,0
CHEMBL4174514,1
CHEMBL4174269,0
CHEMBL3889625,1
CHEMBL3934564,1
CHEMBL2238007,1
CHEMBL6174537,0
CHEMBL6177054,0
CHEMBL6163473,0
CHEMBL1912059,0
CHEMBL1912058,0
CHEMBL195179,0
CHEMBL3764211,0
CHEMBL4871815,0
CHEMBL4852686,0
CHEMBL1761997,1
CHEMBL1783534,0
CHEMBL426015,0
CHEMBL388627,0
CHEMBL1424,1
CHEMBL3290192,1
CHEMBL2047531,0
CHEMBL3416998,0
CHEMBL5435367,1
CHEMBL5414873,1
CHEMBL4780225,1
CHEMBL4749678,0
CHEMBL4093947,0
CHEMBL4059766,0
CHEMBL4078305,0
CHEMBL1080631,0
CHEMBL4079599,0
CHEMBL4064686,1
CHEMBL3416995,0
CHEMBL392100,1
CHEMBL141203,1
CHEMBL4639749,1
CHEMBL4639357,1
CHEMBL4644961,1
CHEMBL4642959,1
CHEMBL4648224,1
CHEMBL4642244,1
CHEMBL4646153,1
CHEMBL4633851,1
CHEMBL4632770,1
CHEMBL5092094,0
CHEMBL5088541,0
CHEMBL5078555,0
CHEMBL5088557,0
CHEMBL5082773,0
CHEMBL5072428,0
CHEMBL5080685,0
CHEMBL5087646,0
CHEMBL5091660,0
CHEMBL5078914,0
CHEMBL5077234,0
CHEMBL5084379,1
CHEMBL5073819,0
CHEMBL2179375,1
CHEMBL592433,1
CHEMBL590031,1
CHEMBL4640608,1
CHEMBL4173961,1
CHEMBL219262,0
CHEMBL4164010,1
CHEMBL4163705,1
CHEMBL4176598,1
CHEMBL1669488,1
CHEMBL3765098,1
CHEMBL3763417,1
CHEMBL3604195,0
CHEMBL188917,0
CHEMBL377618,1
CHEMBL1915759,1
CHEMBL512830,1
CHEMBL3360487,1
CHEMBL5270046,1
CHEMBL5273380,1
CHEMBL5192450,1
CHEMBL4791642,0
CHEMBL4560804,1
CHEMBL4785751,1
CHEMBL1766150,1
CHEMBL1082980,1
CHEMBL4787251,0
CHEMBL3116288,1
CHEMBL1085274,1
CHEMBL5189830,1
CHEMBL1766144,1
CHEMBL1766142,1
CHEMBL1766145,1
CHEMBL1766143,1
CHEMBL263198,0
CHEMBL345241,0
CHEMBL130704,1
CHEMBL130645,1
CHEMBL134061,1
CHEMBL337486,1
CHEMBL341437,1
CHEMBL166359,1
CHEMBL6133076,0
CHEMBL6102253,0
CHEMBL6101869,0
CHEMBL6120228,0
CHEMBL6143101,0
CHEMBL6078196,0
CHEMBL6144072,0
CHEMBL6103076,0
CHEMBL6109010,0
CHEMBL6144388,0
CHEMBL6102336,0
CHEMBL3133434,0
CHEMBL92958,0
CHEMBL3425908,1
CHEMBL6174871,1
CHEMBL5193282,1
CHEMBL5182776,0
CHEMBL5208529,0
CHEMBL219911,0
CHEMBL4537026,0
CHEMBL3628054,1
CHEMBL3628053,1
CHEMBL1085938,0
CHEMBL5202267,0
CHEMBL5175950,1
CHEMBL5195980,0
CHEMBL5177371,0
CHEMBL5207120,0
CHEMBL5180014,0
CHEMBL5178350,0
CHEMBL5190129,0
CHEMBL2181430,1
CHEMBL4763376,1
CHEMBL4743485,1
CHEMBL4793006,1
CHEMBL4798846,1
CHEMBL4748077,1
CHEMBL4740676,1
CHEMBL4746898,0
CHEMBL4794098,1
CHEMBL4758274,1
CHEMBL4744259,1
CHEMBL4788019,1
CHEMBL4800161,1
CHEMBL4756828,1
CHEMBL4782122,1
CHEMBL4763434,0
CHEMBL4290877,1
CHEMBL594229,1
CHEMBL3115024,1
CHEMBL772,1
CHEMBL5285094,1
CHEMBL3215768,0
CHEMBL34000,1
CHEMBL5396214,1
CHEMBL1485276,1
CHEMBL3290195,1
CHEMBL5411397,1
CHEMBL5409303,1
CHEMBL5430169,1
CHEMBL5411758,1
CHEMBL5179658,0
CHEMBL5421196,1
CHEMBL5429476,1
CHEMBL5421463,1
CHEMBL5403457,1
CHEMBL5395228,1
CHEMBL5424787,1
CHEMBL1191355,1
CHEMBL4568615,1
CHEMBL4575167,0
CHEMBL4444849,1
CHEMBL4467620,1
CHEMBL4568264,1
CHEMBL4449445,1
CHEMBL4537808,1
CHEMBL4452092,0
CHEMBL4526950,1
CHEMBL4518938,1
CHEMBL4566555,1
CHEMBL4440283,1
CHEMBL4454571,1
CHEMBL4566242,1
CHEMBL4556855,1
CHEMBL3086279,0
CHEMBL3425894,0
CHEMBL3604197,0
CHEMBL1980572,0
CHEMBL4208961,0
CHEMBL4216807,1
CHEMBL4213874,0
CHEMBL4205520,0
CHEMBL4205110,0
CHEMBL4206041,0
CHEMBL4213345,0
CHEMBL4217466,0
CHEMBL4205764,0
CHEMBL4217755,0
CHEMBL4210401,0
CHEMBL4218281,0
CHEMBL4073582,1
CHEMBL2314726,0
CHEMBL4648322,0
CHEMBL4301645,1
CHEMBL4175274,1
CHEMBL4167398,1
CHEMBL4076207,1
CHEMBL4086191,1
CHEMBL4081699,1
CHEMBL4082785,1
CHEMBL101988,1
CHEMBL101028,1
CHEMBL329518,1
CHEMBL4244803,0
CHEMBL4243474,0
CHEMBL5077388,1
CHEMBL32329,0
CHEMBL3818918,1
CHEMBL3819247,1
CHEMBL4164186,0
CHEMBL4778167,0
CHEMBL4761887,0
CHEMBL3220803,1
CHEMBL107673,0
CHEMBL239618,1
CHEMBL1801816,1
CHEMBL239400,1
CHEMBL3770356,1
CHEMBL3770071,1
CHEMBL3770206,1
CHEMBL1327885,1
CHEMBL1801815,1
CHEMBL3215769,0
CHEMBL3754585,1
CHEMBL3752908,1
CHEMBL5207817,1
CHEMBL3313966,0
CHEMBL5542397,0
CHEMBL4557745,1
CHEMBL4446441,1
CHEMBL1819173,0
CHEMBL76135,1
CHEMBL292695,1
CHEMBL1243297,1
CHEMBL300808,1
CHEMBL422977,1
CHEMBL5186470,1
CHEMBL4240861,0
CHEMBL5594488,1
CHEMBL1083982,0
CHEMBL1085276,0
CHEMBL3933395,0
CHEMBL3890758,1
CHEMBL3926911,1
CHEMBL3961494,1
CHEMBL3927363,0
CHEMBL435071,0
CHEMBL3985059,0
CHEMBL3960861,0
CHEMBL3892502,1
CHEMBL171048,1
CHEMBL354848,0
CHEMBL145361,1
CHEMBL3943450,0
CHEMBL353468,0
CHEMBL170946,0
CHEMBL6147750,0
CHEMBL6150719,0
CHEMBL6151857,1
CHEMBL4448188,0
CHEMBL4089033,1
CHEMBL6164161,1
CHEMBL6141866,1
CHEMBL6159857,1
CHEMBL421501,0
CHEMBL5591982,1
CHEMBL4090413,1
CHEMBL223714,0
CHEMBL3290187,1
CHEMBL1669482,1
CHEMBL1085032,1
CHEMBL12472,0
CHEMBL1084774,0
CHEMBL81,0
CHEMBL4281440,0
CHEMBL1783535,0
CHEMBL5405755,0
CHEMBL3116286,1
CHEMBL3116294,1
CHEMBL3116301,1
CHEMBL3116300,1
CHEMBL3642048,0
CHEMBL5181657,1
CHEMBL3353042,0
CHEMBL4765163,0
CHEMBL4792299,1
CHEMBL4782857,1
CHEMBL4786153,1
CHEMBL576005,0
CHEMBL4793319,1
CHEMBL4780765,1
CHEMBL4789240,1
CHEMBL4780248,1
CHEMBL4777039,1
CHEMBL2047530,0
CHEMBL3093795,0
CHEMBL5592053,1
CHEMBL1819170,0
CHEMBL3752227,1
CHEMBL4591167,0
CHEMBL2088784,0
CHEMBL2419686,0
CHEMBL5267104,1
CHEMBL5266237,0
CHEMBL5290940,0
CHEMBL5278549,0
CHEMBL5278087,0
CHEMBL3414597,0
CHEMBL3335063,1
CHEMBL3335062,1
CHEMBL19060,1
CHEMBL3322232,0
CHEMBL4747577,1
CHEMBL6120750,0
CHEMBL2380667,1
CHEMBL1651046,1
CHEMBL1651038,1
CHEMBL1651047,1
CHEMBL1651045,1
CHEMBL3116285,1
CHEMBL3116292,1
CHEMBL3323042,0
CHEMBL1085028,0
CHEMBL542297,0
CHEMBL555075,0
CHEMBL73974,0
CHEMBL306175,0
CHEMBL308793,0
CHEMBL75110,0
CHEMBL311017,0
CHEMBL308807,0
CHEMBL306179,0
CHEMBL74922,0
CHEMBL310918,0
CHEMBL74560,0
CHEMBL73447,1
CHEMBL74809,0
CHEMBL74832,0
CHEMBL73339,0
CHEMBL306776,0
CHEMBL76108,1
CHEMBL75649,1
CHEMBL1084090,0
CHEMBL128390,0
CHEMBL131827,0
CHEMBL130918,0
CHEMBL1651041,1
CHEMBL6150556,1
CHEMBL5069796,1
CHEMBL4176179,0
CHEMBL4210274,1
CHEMBL4204901,0
CHEMBL4203672,0
CHEMBL1819171,0
CHEMBL3310703,1
CHEMBL3116282,1
CHEMBL4283298,0
CHEMBL6189950,0
CHEMBL5872661,1
CHEMBL2181435,1
CHEMBL5183248,1
CHEMBL5171428,0
CHEMBL5207906,0
CHEMBL5205006,0
CHEMBL5194197,0
CHEMBL5203299,1
CHEMBL5185552,1
CHEMBL5192987,1
CHEMBL5192784,1
CHEMBL335158,0
CHEMBL130628,0
CHEMBL130666,0
CHEMBL5200956,1
CHEMBL5197965,1
CHEMBL3823578,1
CHEMBL3822890,1
CHEMBL3824362,1
CHEMBL3824057,1
CHEMBL3751866,0
CHEMBL3752926,0
CHEMBL3215770,0
CHEMBL1081126,1
CHEMBL3261992,1
CHEMBL1642987,0
CHEMBL4095445,1
CHEMBL4083601,1
CHEMBL4069444,1
CHEMBL4085114,1
CHEMBL4064773,1
CHEMBL4070462,1
CHEMBL4060016,1
CHEMBL4070380,1
CHEMBL4102655,1
CHEMBL4099046,1
CHEMBL4078382,1
CHEMBL4061837,1
CHEMBL4094911,1
CHEMBL4096673,1
CHEMBL5286006,1
CHEMBL5284235,1
CHEMBL3133443,1
CHEMBL3133440,1
CHEMBL4780352,0
CHEMBL3586614,1
CHEMBL4063663,1
CHEMBL2441666,0
CHEMBL2234834,1
CHEMBL4743210,0
CHEMBL5206534,1
CHEMBL5408893,1
CHEMBL3233826,0
CHEMBL4744490,1
CHEMBL3360757,1
CHEMBL5176917,0
CHEMBL4866930,0
CHEMBL6161963,1
CHEMBL6152852,1
CHEMBL6174192,0
CHEMBL2381401,1
CHEMBL5420095,1
CHEMBL1762833,0
CHEMBL4458929,0
CHEMBL186349,1
CHEMBL3771233,1
CHEMBL3770577,1
CHEMBL4866457,0
CHEMBL4869703,0
CHEMBL3577524,1
CHEMBL3577517,0
CHEMBL1669481,1
CHEMBL340625,0
CHEMBL128551,0
CHEMBL1084883,0
CHEMBL440526,0
CHEMBL3586574,1
CHEMBL5094348,0
CHEMBL5081663,1
CHEMBL5419364,1
CHEMBL5431870,1
CHEMBL5415210,1
CHEMBL5286183,1
CHEMBL5436261,1
CHEMBL3338992,1
CHEMBL3339007,1
CHEMBL3339003,1
CHEMBL5275941,0
CHEMBL3948367,1
CHEMBL3337471,1
CHEMBL3338997,1
CHEMBL5291052,0
CHEMBL3338991,1
CHEMBL3338993,1
CHEMBL3338996,1
CHEMBL3338995,1
CHEMBL3339008,1
CHEMBL3338998,1
CHEMBL3338999,1
CHEMBL3339002,1
CHEMBL3339006,1
CHEMBL4782832,1
CHEMBL3339000,1
CHEMBL3339004,1
CHEMBL3339005,1
CHEMBL3921061,0
CHEMBL276473,1
CHEMBL2158994,1
CHEMBL3338994,1
CHEMBL3339001,1
CHEMBL5265752,0
CHEMBL7976,1
CHEMBL5272974,0
CHEMBL389328,1
CHEMBL6168950,0
CHEMBL276444,0
CHEMBL481658,1
CHEMBL481657,1
CHEMBL2234543,1
CHEMBL2234542,1
CHEMBL592624,1
CHEMBL3735042,1
CHEMBL592856,1
CHEMBL3734787,1
CHEMBL1794936,0
CHEMBL3310697,1
CHEMBL6103332,1
CHEMBL6169135,1
CHEMBL3785229,1
CHEMBL3785187,1
CHEMBL3785803,1
CHEMBL3786323,1
CHEMBL3787307,1
CHEMBL3786544,1
CHEMBL3787116,1
CHEMBL3787666,1
CHEMBL3786589,1
CHEMBL3786505,1
CHEMBL3785644,1
CHEMBL3785808,1
CHEMBL3786666,1
CHEMBL140769,1
CHEMBL1642988,0
CHEMBL4476621,0
CHEMBL544126,0
CHEMBL156874,0
CHEMBL1669487,1
CHEMBL4289086,1
CHEMBL4752188,0
CHEMBL4750278,0
CHEMBL4777023,0
CHEMBL4746943,0
CHEMBL4742830,0
CHEMBL4756262,0
CHEMBL4759625,0
CHEMBL4743674,0
CHEMBL4779365,0
CHEMBL4790766,0
CHEMBL4762860,0
CHEMBL4800002,0
CHEMBL4782471,0
CHEMBL4800558,0
CHEMBL4764003,0
CHEMBL4797974,0
CHEMBL4749805,0
CHEMBL4785119,0
CHEMBL4797335,0
CHEMBL4764274,0
CHEMBL4752521,0
CHEMBL4792354,0
CHEMBL5590122,0
CHEMBL4636736,1
CHEMBL561846,1
CHEMBL1081125,1
CHEMBL1642986,0
CHEMBL3261991,1
CHEMBL4634473,1
CHEMBL4636698,1
CHEMBL401114,1
CHEMBL4645345,1
CHEMBL4649430,1
CHEMBL4644286,1
CHEMBL2441670,1
CHEMBL4458217,0
CHEMBL4569343,0
CHEMBL3323046,0
CHEMBL4290039,0
CHEMBL4249829,1
CHEMBL598645,0
CHEMBL599253,1
CHEMBL599058,0
CHEMBL597405,1
CHEMBL599252,1
CHEMBL599057,0
CHEMBL599254,1
CHEMBL597406,1
CHEMBL598632,1
CHEMBL598824,0
CHEMBL597001,1
CHEMBL604715,1
CHEMBL610779,0
CHEMBL610219,1
CHEMBL512569,1
CHEMBL461945,1
CHEMBL104,1
CHEMBL3416997,0
CHEMBL5180612,1
CHEMBL4792460,0
CHEMBL4787579,0
CHEMBL4641865,0
CHEMBL4636043,0
CHEMBL4643381,0
CHEMBL4632477,0
CHEMBL4633378,0
CHEMBL4639168,0
CHEMBL1082436,0
CHEMBL261855,1
CHEMBL4846730,1
CHEMBL4863376,1
CHEMBL12540,1
CHEMBL3763778,1
CHEMBL3764376,0
CHEMBL3765697,1
CHEMBL3763232,1
CHEMBL3763820,1
CHEMBL3764100,0
CHEMBL3765093,1
CHEMBL3763203,1
CHEMBL4782921,0
CHEMBL6164945,1
CHEMBL5575695,0
CHEMBL3642046,0
CHEMBL24519,1
CHEMBL109084,1
CHEMBL4758871,1
CHEMBL539045,0
CHEMBL3753405,0
CHEMBL4745154,1
CHEMBL4777427,1
CHEMBL4755736,1
CHEMBL4784480,1
CHEMBL4762721,1
CHEMBL4743162,1
CHEMBL4792100,1
CHEMBL4764422,1
CHEMBL4747146,1
CHEMBL4797938,1
CHEMBL4755561,1
CHEMBL4779792,1
CHEMBL4764279,1
CHEMBL4791726,1
CHEMBL3586196,1
CHEMBL4874126,1
CHEMBL4873748,1
CHEMBL4870561,1
CHEMBL4878924,1
CHEMBL4740081,1
CHEMBL4856895,1
CHEMBL4864801,1
CHEMBL4756176,1
CHEMBL4750360,1
CHEMBL4873165,1
CHEMBL4848801,1
CHEMBL4868234,1
CHEMBL4851290,1
CHEMBL76241,0
CHEMBL1082979,1
CHEMBL1651042,1
CHEMBL106418,1
CHEMBL104681,0
CHEMBL104355,0
CHEMBL320291,0
CHEMBL107892,0
CHEMBL106348,0
CHEMBL106782,0
CHEMBL316973,0
CHEMBL421601,1
CHEMBL106932,0
CHEMBL321605,0
CHEMBL4168790,1
CHEMBL4164387,1
CHEMBL4174963,1
CHEMBL1198953,0
CHEMBL4782581,1
CHEMBL4796414,1
CHEMBL4789401,1
CHEMBL4787804,1
CHEMBL4777188,1
CHEMBL4784543,1
CHEMBL4788557,1
CHEMBL4784756,1
CHEMBL4786839,1
CHEMBL4785206,1
CHEMBL4799854,1
CHEMBL4787493,1
CHEMBL4793936,1
CHEMBL4784479,1
CHEMBL4794220,1
CHEMBL4783152,1
CHEMBL4778635,1
CHEMBL4797136,1
CHEMBL4797133,1
CHEMBL4799350,1
CHEMBL3220804,1
CHEMBL243271,0
CHEMBL1770548,0
CHEMBL4588525,0
CHEMBL6147925,1
CHEMBL6148442,1
CHEMBL6144638,1
CHEMBL6152861,1
CHEMBL6147483,1
CHEMBL6151474,1
CHEMBL6143522,1
CHEMBL6148830,1
CHEMBL6160218,1
CHEMBL6163524,1
CHEMBL6150533,1
CHEMBL6144207,1
CHEMBL6149635,1
CHEMBL6144585,1
CHEMBL6147350,1
CHEMBL6160389,1
CHEMBL6149205,1
CHEMBL6162131,1
CHEMBL6163057,1
CHEMBL6162127,1
CHEMBL6144992,1
CHEMBL6145757,1
CHEMBL3415558,0
CHEMBL3415563,0
CHEMBL3415578,0
CHEMBL3415568,0
CHEMBL3402717,0
CHEMBL3415573,0
CHEMBL3402707,0
CHEMBL3402712,0
CHEMBL4875903,0
CHEMBL4160694,1
CHEMBL3215816,0
CHEMBL178792,1
CHEMBL378404,0
CHEMBL178294,0
CHEMBL205321,1
CHEMBL207777,0
CHEMBL212105,1
CHEMBL439508,1
CHEMBL211529,1
CHEMBL213240,1
CHEMBL3127006,1
CHEMBL1083069,0
CHEMBL2234841,1
CHEMBL2234839,1
CHEMBL2234840,1
CHEMBL19949,0
CHEMBL1952289,1
CHEMBL1083056,0
CHEMBL3115023,1
CHEMBL3115028,1
CHEMBL1083057,0
CHEMBL3093180,0
CHEMBL3093174,0
CHEMBL4167757,1
CHEMBL4159837,1
CHEMBL4096963,1
CHEMBL3402713,1
CHEMBL3415569,1
CHEMBL3415574,1
CHEMBL3415559,1
CHEMBL3415564,0
CHEMBL3415579,1
CHEMBL3402718,1
CHEMBL4089264,0
CHEMBL3402708,1
CHEMBL4456928,0
CHEMBL3892118,1
CHEMBL3972214,1
CHEMBL507885,0
CHEMBL4454706,0
CHEMBL4559904,0
CHEMBL4444843,0
CHEMBL4537101,0
CHEMBL4529710,0
CHEMBL3086277,0
CHEMBL3753360,0
CHEMBL424833,0
CHEMBL86031,0
CHEMBL150156,1
CHEMBL65667,1
CHEMBL2441675,0
CHEMBL748,1
CHEMBL2441692,1
CHEMBL2441694,1
CHEMBL2441689,1
CHEMBL2441693,1
CHEMBL2441691,1
CHEMBL1420,1
CHEMBL4794629,1
CHEMBL2441688,1
CHEMBL2441687,1
CHEMBL2441677,1
CHEMBL4756653,1
CHEMBL149017,1
CHEMBL2441690,1
CHEMBL2441686,1
CHEMBL150164,1
CHEMBL334255,1
CHEMBL150212,1
CHEMBL2441685,1
CHEMBL4786519,1
CHEMBL6160191,1
CHEMBL6160489,1
CHEMBL6102746,1
CHEMBL6145299,1
CHEMBL6133183,1
CHEMBL6133097,1
CHEMBL464538,0
CHEMBL5187324,0
CHEMBL1643944,0
CHEMBL155111,0
CHEMBL101155,1
CHEMBL3343712,0
CHEMBL3343705,0
CHEMBL3343714,0
CHEMBL3343711,0
CHEMBL3343708,0
CHEMBL3343713,0
CHEMBL141810,0
CHEMBL327100,1
CHEMBL4632461,1
CHEMBL4634863,0
CHEMBL552832,0
CHEMBL4526049,0
CHEMBL3417001,0
CHEMBL4527729,0
CHEMBL5220228,1
CHEMBL4456336,1
CHEMBL2018161,1
CHEMBL4166257,1
CHEMBL4787855,0
CHEMBL4800260,0
CHEMBL4778690,1
CHEMBL4794208,0
CHEMBL4791075,0
CHEMBL4780628,1
CHEMBL5591277,1
CHEMBL4094837,1
CHEMBL4080800,1
CHEMBL123831,0
CHEMBL124054,0
CHEMBL333580,1
CHEMBL121810,0
CHEMBL13045,1
CHEMBL3765569,1
CHEMBL3763609,1
CHEMBL3764679,1
CHEMBL3765162,1
CHEMBL5286597,0
CHEMBL3809337,1
CHEMBL5276273,1
CHEMBL5175476,1
CHEMBL209924,1
CHEMBL5416421,1
CHEMBL336398,0
CHEMBL4638958,1
CHEMBL4214417,1
CHEMBL3623555,0
CHEMBL3623560,1
CHEMBL3623548,0
CHEMBL3623557,0
CHEMBL3623562,1
CHEMBL3623564,1
CHEMBL3623551,0
CHEMBL3623550,0
CHEMBL3623549,0
CHEMBL3623567,1
CHEMBL3623558,0
CHEMBL3623563,1
CHEMBL3623565,1
CHEMBL3623556,0
CHEMBL3623553,0
CHEMBL3884690,0
CHEMBL340929,1
CHEMBL128172,1
CHEMBL129684,1
CHEMBL340216,1
CHEMBL2413735,0
CHEMBL2413742,1
CHEMBL2413559,1
CHEMBL1952067,1
CHEMBL1952062,1
CHEMBL1952061,1
CHEMBL1952066,1
CHEMBL4848527,0
CHEMBL3928459,0
CHEMBL3220802,1
CHEMBL1241457,0
CHEMBL2234833,1
CHEMBL4558335,0
CHEMBL430886,0
CHEMBL1642980,0
CHEMBL5089821,1
CHEMBL1087194,0
CHEMBL133448,0
CHEMBL1086184,1
CHEMBL6091840,0
CHEMBL267649,1
CHEMBL572453,0
CHEMBL5268811,0
CHEMBL5287982,0
CHEMBL5274016,0
CHEMBL5595836,1
CHEMBL459825,1
CHEMBL5633306,1
CHEMBL4093419,1
CHEMBL4083174,0
CHEMBL4066309,1
CHEMBL4097388,1
CHEMBL4089910,1
CHEMBL5287890,1
CHEMBL5278532,1
CHEMBL4081776,1
CHEMBL4445907,0
CHEMBL4436169,0
CHEMBL454592,0
CHEMBL519926,0
CHEMBL4461027,1
CHEMBL3597548,1
CHEMBL3586199,0
CHEMBL3586205,1
CHEMBL4845956,1
CHEMBL3586593,0
CHEMBL3586604,1
CHEMBL3586600,1
CHEMBL3586771,0
CHEMBL3586592,0
CHEMBL3586594,0
CHEMBL3586602,1
CHEMBL3586605,1
CHEMBL3586610,0
CHEMBL3586595,0
CHEMBL5090153,0
CHEMBL5083613,0
CHEMBL4633613,0
CHEMBL335922,1
CHEMBL373651,1
CHEMBL385778,1
CHEMBL376434,1
CHEMBL220959,1
CHEMBL5285181,0
CHEMBL441868,1
CHEMBL220905,1
CHEMBL69507,1
CHEMBL374729,0
CHEMBL340807,1
CHEMBL3642045,0
CHEMBL1819169,0
CHEMBL4759107,1
CHEMBL4085450,0
CHEMBL190528,0
CHEMBL1085932,0
CHEMBL4789620,0
CHEMBL127465,0
CHEMBL3234039,0
CHEMBL4755679,1
CHEMBL4762083,0
CHEMBL4165973,0
CHEMBL4159880,0
CHEMBL4165562,0
CHEMBL4172883,1
CHEMBL4175003,0
CHEMBL4171568,0
CHEMBL4163678,0
CHEMBL4167127,1
CHEMBL6191782,0
CHEMBL1761998,1
CHEMBL1761999,1
CHEMBL4435236,1
CHEMBL5564643,0
CHEMBL6169099,1
CHEMBL5077463,1
CHEMBL4860501,1
CHEMBL5431372,1
CHEMBL5420880,1
CHEMBL5400996,1
CHEMBL5397813,1
CHEMBL5434763,1
CHEMBL5434796,1
CHEMBL5422875,1
CHEMBL5436185,1
CHEMBL5441139,1
CHEMBL5438175,1
CHEMBL5430829,1
CHEMBL5415204,1
CHEMBL5398025,1
CHEMBL5403494,1
CHEMBL5420342,1
CHEMBL5394805,1
CHEMBL5422439,1
CHEMBL5429766,1
CHEMBL5425341,1
CHEMBL5422164,1
CHEMBL5434452,1
CHEMBL5437254,1
CHEMBL5427121,1
CHEMBL5428694,1
CHEMBL5400426,1
CHEMBL5418052,1
CHEMBL5416559,1
CHEMBL5439067,1
CHEMBL5404050,1
CHEMBL5428807,1
CHEMBL5440083,1
CHEMBL5401121,1
CHEMBL5414976,1
CHEMBL3323059,0
CHEMBL1952057,1
CHEMBL3262658,1
CHEMBL3262662,1
CHEMBL3262663,1
CHEMBL510363,1
CHEMBL3262661,1
CHEMBL5414196,1
CHEMBL1912064,1
CHEMBL6164048,1
CHEMBL4782180,1
CHEMBL4745534,0
CHEMBL4743358,1
CHEMBL4752466,1
CHEMBL4779999,0
CHEMBL4761564,1
CHEMBL4754304,0
CHEMBL4764740,0
CHEMBL4759108,0
CHEMBL4761911,0
CHEMBL4744191,1
CHEMBL4746559,0
CHEMBL4746180,1
CHEMBL4793365,0
CHEMBL4756730,0
CHEMBL328715,0
CHEMBL5569900,1
CHEMBL3093804,0
CHEMBL5560860,0
CHEMBL212111,1
CHEMBL3884858,0
CHEMBL4778747,1
CHEMBL2441671,0
CHEMBL3827284,1
CHEMBL3828696,0
CHEMBL6091955,1
CHEMBL3828293,0
CHEMBL5274086,1
CHEMBL2441676,0
CHEMBL5408925,0
CHEMBL12781,0
CHEMBL5427951,1
CHEMBL5415340,1
CHEMBL388714,1
CHEMBL245054,1
CHEMBL222378,0
CHEMBL6174600,1
CHEMBL235014,0
CHEMBL4757955,1
CHEMBL2160217,1
CHEMBL3628058,1
CHEMBL3628059,1
CHEMBL3628064,1
CHEMBL3628057,1
CHEMBL3628061,1
CHEMBL3628062,1
CHEMBL3628063,1
CHEMBL3628065,1
CHEMBL3628060,1
CHEMBL3628056,1
CHEMBL3628055,1
CHEMBL75985,0
CHEMBL3753587,1
CHEMBL4538834,1
CHEMBL128894,1
CHEMBL3335070,1
CHEMBL3334506,1
CHEMBL4284506,1
CHEMBL242345,1
CHEMBL1081449,1
CHEMBL1642982,1
CHEMBL4159640,1
CHEMBL1083661,0
CHEMBL1083660,0
CHEMBL2441684,0
CHEMBL5407691,1
CHEMBL5429003,1
CHEMBL5433354,1
CHEMBL5433166,1
CHEMBL5426913,1
CHEMBL5407606,1
CHEMBL5421943,1
CHEMBL5412970,1
CHEMBL5420040,1
CHEMBL5424767,1
CHEMBL5402496,1
CHEMBL512475,0
CHEMBL3577508,0
CHEMBL3577522,0
CHEMBL3577509,1
CHEMBL3577510,0
CHEMBL3577511,0
CHEMBL4779180,0
CHEMBL4096862,1
CHEMBL4060972,1
CHEMBL4089155,1
CHEMBL4785620,1
CHEMBL5568861,0
CHEMBL5438801,1
CHEMBL4447210,0
CHEMBL523830,1
CHEMBL6132910,1
CHEMBL491360,0
CHEMBL5181664,0
CHEMBL4794769,0
CHEMBL452339,0
CHEMBL5593372,1
CHEMBL3827610,0
CHEMBL808,1
CHEMBL91,1
CHEMBL3950063,1
CHEMBL3237631,1
CHEMBL3237634,1
CHEMBL3237630,1
CHEMBL3237633,1
CHEMBL3237632,1
CHEMBL3116299,1
CHEMBL3116291,1
CHEMBL3116283,1
CHEMBL4797884,1
CHEMBL4797575,1
CHEMBL4748587,1
CHEMBL4752440,1
CHEMBL4760400,1
CHEMBL4754171,1
CHEMBL4761620,1
CHEMBL4743869,1
CHEMBL4762214,1
CHEMBL4788300,1
CHEMBL4756742,1
CHEMBL3410957,0
CHEMBL2237998,1
CHEMBL1912062,0
CHEMBL5200047,0
CHEMBL5267312,0
CHEMBL3087679,1
CHEMBL3087680,1
CHEMBL156157,0
CHEMBL5079347,1
CHEMBL4445553,1
CHEMBL4473145,1
CHEMBL4467037,1
CHEMBL4583716,0
CHEMBL3122172,1
CHEMBL3122150,0
CHEMBL3122148,1
CHEMBL3122149,0
CHEMBL3122146,1
CHEMBL219550,0
CHEMBL2234544,1
CHEMBL3582200,1
CHEMBL5591597,1
CHEMBL151417,1
CHEMBL1082741,1
CHEMBL150365,1
CHEMBL1082740,1
CHEMBL1083676,1
CHEMBL150985,1
CHEMBL278819,1
CHEMBL6190210,0
CHEMBL5286328,1
CHEMBL5208032,0
CHEMBL2234832,1
CHEMBL4208641,0
CHEMBL1192998,1
CHEMBL3233998,1
CHEMBL3233991,1
CHEMBL1611608,1
CHEMBL4294906,1
CHEMBL6162081,1
CHEMBL6151255,1
CHEMBL4213591,0
CHEMBL4217617,1
CHEMBL4214900,0
CHEMBL238256,1
CHEMBL222043,0
CHEMBL3353039,0
CHEMBL5274308,1
CHEMBL5290939,1
CHEMBL5222694,1
CHEMBL5269148,1
CHEMBL3322140,0
CHEMBL3322155,0
CHEMBL2380670,1
CHEMBL2380675,1
CHEMBL2380673,1
CHEMBL2380672,1
CHEMBL2380677,1
CHEMBL2380669,1
CHEMBL2380676,1
CHEMBL2380674,1
CHEMBL2380671,1
CHEMBL2380668,1
CHEMBL211897,1
CHEMBL189875,1
CHEMBL4574766,1
CHEMBL77896,1
CHEMBL440497,1
CHEMBL1243234,1
CHEMBL3216018,0
CHEMBL5291438,1
CHEMBL4532224,1
CHEMBL4594199,1
CHEMBL4582736,1
CHEMBL3355581,0
CHEMBL3355580,0
CHEMBL2332547,1
CHEMBL2297280,0
CHEMBL3828281,1
CHEMBL5559321,1
CHEMBL5555216,1
CHEMBL5558946,0
CHEMBL5557905,0
CHEMBL5555737,0
CHEMBL5555983,0
CHEMBL5558447,1
CHEMBL5557161,0
CHEMBL5512503,1
CHEMBL5555058,0
CHEMBL5555683,0
CHEMBL5532467,0
CHEMBL5550021,0
CHEMBL5557719,1
CHEMBL5505847,1
CHEMBL5532603,0
CHEMBL5559062,1
CHEMBL5555930,1
CHEMBL3955393,1
CHEMBL3928840,1
CHEMBL3983017,0
CHEMBL5523504,0
CHEMBL2441674,0
CHEMBL1912060,0
CHEMBL4761847,1
CHEMBL5573526,1
CHEMBL5565153,1
CHEMBL5573638,1
CHEMBL5591282,1
CHEMBL5565340,1
CHEMBL5565926,1
CHEMBL5574521,1
CHEMBL5575070,1
CHEMBL5570753,1
CHEMBL5573311,1
CHEMBL5565570,1
CHEMBL60074,0
CHEMBL185799,0
CHEMBL535,1
CHEMBL5424712,1
CHEMBL5595332,0
CHEMBL5270598,1
CHEMBL106936,0
CHEMBL2236140,0
CHEMBL342394,1
CHEMBL2368067,1
CHEMBL136765,1
CHEMBL344384,1
CHEMBL372491,0
CHEMBL1761991,1
CHEMBL3087682,1
CHEMBL4171637,1
CHEMBL465678,1
CHEMBL195241,0
CHEMBL139571,1
CHEMBL5189102,1
CHEMBL5186889,1
CHEMBL6165595,1
CHEMBL6164051,0
CHEMBL148879,1
CHEMBL2093017,1
CHEMBL1788254,1
CHEMBL151125,1
CHEMBL1783499,0
CHEMBL3115045,1
CHEMBL3115040,1
CHEMBL3115039,1
CHEMBL3115048,1
CHEMBL3115047,1
CHEMBL3115046,1
CHEMBL3115043,1
CHEMBL3115042,1
CHEMBL3115041,1
CHEMBL3115044,1
CHEMBL4476639,1
CHEMBL1834063,1
CHEMBL3234587,0
CHEMBL3234593,0
CHEMBL3234591,0
CHEMBL67397,1
CHEMBL2332545,1
CHEMBL4471659,0
CHEMBL4449395,1
CHEMBL5178828,1
CHEMBL4792506,1
CHEMBL4800026,1
CHEMBL74698,0
CHEMBL4065259,1
CHEMBL5279596,1
CHEMBL422971,1
CHEMBL4746231,1
CHEMBL6169722,1
CHEMBL6177591,1
CHEMBL1783529,1
CHEMBL1783530,0
CHEMBL1783531,1
CHEMBL5071046,1
CHEMBL6151706,0
CHEMBL3233999,1
CHEMBL3233022,1
CHEMBL1190535,1
CHEMBL3234001,1
CHEMBL508781,1
CHEMBL4516356,0
CHEMBL105257,0
CHEMBL5589858,1
CHEMBL4285759,1
CHEMBL3233827,0
CHEMBL86835,0
CHEMBL87344,0
CHEMBL411,1
CHEMBL165,1
CHEMBL376478,0
CHEMBL2018162,0
CHEMBL1783527,0
CHEMBL4633410,0
CHEMBL2181432,1
CHEMBL3417300,0
CHEMBL3417299,0
CHEMBL1084262,0
CHEMBL4557164,1
CHEMBL4443988,1
CHEMBL4592037,1
CHEMBL4444030,1
CHEMBL4553902,1
CHEMBL4441059,1
CHEMBL4445026,0
CHEMBL4526428,1
CHEMBL4447258,1
CHEMBL4099794,1
CHEMBL4083445,1
CHEMBL4105085,0
CHEMBL4101303,1
CHEMBL4174452,1
CHEMBL4072865,1
CHEMBL4061527,0
CHEMBL4093567,1
CHEMBL259523,1
CHEMBL383242,1
CHEMBL225577,0
CHEMBL3417008,1
CHEMBL4448071,1
CHEMBL409610,1
CHEMBL1523,1
CHEMBL1385,1
CHEMBL1524,0
CHEMBL251076,1
CHEMBL442287,0
CHEMBL399515,0
CHEMBL6165762,1
CHEMBL6134092,1
CHEMBL460969,1
CHEMBL5169560,0
CHEMBL5199187,0
CHEMBL6150852,1
CHEMBL3752969,0
CHEMBL5590121,1
CHEMBL1085527,0
CHEMBL390598,1
CHEMBL4284495,0
CHEMBL314989,0
CHEMBL110045,1
CHEMBL5641542,0
CHEMBL4160280,0
CHEMBL104613,0
CHEMBL230434,0
CHEMBL4526050,0
CHEMBL4540355,0
CHEMBL4585990,0
CHEMBL5272549,1
CHEMBL477772,0
CHEMBL5280980,0
CHEMBL555214,0
CHEMBL555666,0
CHEMBL1773483,0
CHEMBL5633087,0
CHEMBL5629932,0
CHEMBL325740,1
CHEMBL219569,0
CHEMBL157208,1
CHEMBL3290190,1
CHEMBL3290189,1
CHEMBL4095908,0
CHEMBL4067497,1
CHEMBL4085738,1
CHEMBL4103664,1
CHEMBL4104551,1
CHEMBL3604198,0
CHEMBL5593954,0
CHEMBL5218447,0
CHEMBL451825,1
CHEMBL1642970,1
CHEMBL5170719,1
CHEMBL3604196,0
CHEMBL5592608,0
CHEMBL4566976,1
CHEMBL4759355,1
CHEMBL4796066,0
CHEMBL4751082,1
CHEMBL4753795,0
CHEMBL4762873,0
CHEMBL4757035,0
CHEMBL1085031,0
CHEMBL5408201,0
CHEMBL85473,1
CHEMBL86233,1
CHEMBL5174183,0
CHEMBL2147461,0
CHEMBL4798419,0
CHEMBL4444855,1
CHEMBL5289604,0
CHEMBL3752710,1
CHEMBL212374,1
CHEMBL365904,0
CHEMBL1084544,0
CHEMBL4874576,1
CHEMBL4859128,0
CHEMBL4857554,1
CHEMBL115580,1
CHEMBL119528,1
CHEMBL4858061,1
CHEMBL4854713,0
CHEMBL4868050,1
CHEMBL4864954,1
CHEMBL4857969,0
CHEMBL4855357,1
CHEMBL356224,1
CHEMBL4285912,1
CHEMBL4287548,0
CHEMBL4290401,1
CHEMBL4294609,0
CHEMBL4282527,0
CHEMBL4293801,0
CHEMBL4849687,1
CHEMBL254016,0
CHEMBL4854913,0
CHEMBL5573148,0
CHEMBL3642040,0
CHEMBL3642050,0
CHEMBL3642043,0
CHEMBL4072914,1
CHEMBL4102562,1
CHEMBL189764,1
CHEMBL2160225,1
CHEMBL590603,1
CHEMBL123248,0
CHEMBL418714,0
CHEMBL5176580,1
CHEMBL5178466,1
CHEMBL4093946,1
CHEMBL4070093,1
CHEMBL1084257,1
CHEMBL1834066,1
CHEMBL1834062,1
CHEMBL1834068,1
CHEMBL1834064,1
CHEMBL1084213,1
CHEMBL1834065,1
CHEMBL1834067,1
CHEMBL1834060,1
CHEMBL3621335,1
CHEMBL4437391,1
CHEMBL216159,0
CHEMBL5267519,0
CHEMBL5287537,0
CHEMBL5281758,0
CHEMBL5282524,0
CHEMBL5283780,0
CHEMBL5270788,0
CHEMBL1952059,1
CHEMBL1952060,1
CHEMBL1952058,1
CHEMBL3582229,0
CHEMBL3901082,1
CHEMBL3931599,1
CHEMBL4778925,1
CHEMBL4749550,1
CHEMBL40583,1
CHEMBL1773484,0
CHEMBL4088091,1
CHEMBL4173190,1
CHEMBL1952054,1
CHEMBL134382,1
CHEMBL343237,0
CHEMBL363535,1
CHEMBL4069385,1
CHEMBL4464883,0
CHEMBL4545532,0
CHEMBL6152748,0
CHEMBL6172196,0
CHEMBL3233992,1
CHEMBL4783379,1
CHEMBL4779749,1
CHEMBL3323036,0
CHEMBL4856400,0
CHEMBL1173543,1
CHEMBL3582215,0
CHEMBL356000,1
CHEMBL5406889,1
CHEMBL1085937,1
CHEMBL3582228,0
CHEMBL3323062,1
CHEMBL4086807,1
CHEMBL5184984,0
CHEMBL3926757,1
CHEMBL61180,1
CHEMBL293268,1
CHEMBL549,1
CHEMBL5207319,1
CHEMBL3582214,0
CHEMBL4800270,1
CHEMBL3425895,0
CHEMBL3827058,0
CHEMBL5412564,0
CHEMBL1814729,0
CHEMBL4163016,1
CHEMBL222875,0
CHEMBL1098479,1
CHEMBL1915763,1
CHEMBL1915761,1
CHEMBL1773479,0
CHEMBL141622,0
CHEMBL2332980,1
CHEMBL2332979,1
CHEMBL2332549,1
CHEMBL2332548,1
CHEMBL2332975,1
CHEMBL2332974,1
CHEMBL2332550,1
CHEMBL2332976,1
CHEMBL2332978,1
CHEMBL2332977,1
CHEMBL222818,0
CHEMBL4792013,1
CHEMBL4787165,1
CHEMBL4761179,1
CHEMBL4776936,1
CHEMBL597821,0
CHEMBL1771556,0
CHEMBL136686,1
CHEMBL136611,1
CHEMBL140241,1
CHEMBL224202,0
CHEMBL4098132,1
CHEMBL5431791,0
CHEMBL5407856,1
CHEMBL5192664,0
CHEMBL5429608,1
CHEMBL5399188,0
CHEMBL5435599,1
CHEMBL5410208,1
CHEMBL5440735,1
CHEMBL5405929,1
CHEMBL5400593,1
CHEMBL5180743,1
CHEMBL5435281,0
CHEMBL5395691,1
CHEMBL5394478,0
CHEMBL5412829,1
CHEMBL5408499,1
CHEMBL5421921,1
CHEMBL5394683,0
CHEMBL5428978,1
CHEMBL5405546,1
CHEMBL305660,1
CHEMBL4464964,1
CHEMBL4520568,1
CHEMBL93936,0
CHEMBL1915760,1
CHEMBL240972,1
CHEMBL1915762,1
CHEMBL154433,1
CHEMBL242989,0
CHEMBL387394,0
CHEMBL5404812,1
CHEMBL5430188,1
CHEMBL249448,1
CHEMBL1276534,1
CHEMBL99605,1
CHEMBL5090352,1
CHEMBL5086626,1
CHEMBL5079878,1
CHEMBL5077601,1
CHEMBL3780131,1
CHEMBL3945872,1
CHEMBL229334,1
CHEMBL4850061,1
CHEMBL5433193,0
CHEMBL4065639,1
CHEMBL4068888,0
CHEMBL4521755,1
CHEMBL4439554,1
CHEMBL4536715,0
CHEMBL213404,1
CHEMBL4290236,1
CHEMBL550989,1
CHEMBL4564320,0
CHEMBL4444516,0
CHEMBL4519239,0
CHEMBL4787873,1
CHEMBL3410089,1
CHEMBL133441,1
CHEMBL4789292,1
CHEMBL4782422,1
CHEMBL431844,0
CHEMBL355740,0
CHEMBL368196,0
CHEMBL172118,1
CHEMBL352500,0
CHEMBL331637,1
CHEMBL3769862,1
CHEMBL3769834,1
CHEMBL4797814,0
CHEMBL4757922,0
CHEMBL3355579,0
CHEMBL2234534,0
CHEMBL513161,0
CHEMBL468001,0
CHEMBL512096,0
CHEMBL468000,1
CHEMBL2234536,0
CHEMBL2234535,0
CHEMBL2234533,0
CHEMBL374981,0
CHEMBL6144744,0
CHEMBL3937964,0
CHEMBL3900968,0
CHEMBL3952144,0
CHEMBL3892148,0
CHEMBL3910025,0
CHEMBL6190113,0
CHEMBL5415881,1
CHEMBL156931,1
CHEMBL160836,0
CHEMBL155754,0
CHEMBL350464,1
CHEMBL156861,0
CHEMBL155350,0
CHEMBL348607,1
CHEMBL445916,0
CHEMBL158946,0
CHEMBL157182,0
CHEMBL155863,1
CHEMBL5202021,1
CHEMBL3582212,1
CHEMBL6152572,0
CHEMBL6141819,0
CHEMBL6173905,0
CHEMBL6172404,0
CHEMBL6165462,0
CHEMBL3335025,1
CHEMBL3335026,1
CHEMBL51085,1
CHEMBL5594084,1
CHEMBL6190268,1
CHEMBL1766020,1
CHEMBL1082977,1
CHEMBL4286731,1
CHEMBL4285601,0
CHEMBL3122170,1
CHEMBL3120185,1
CHEMBL5429752,1
CHEMBL5401627,1
CHEMBL5178885,0
CHEMBL236487,0
CHEMBL5559245,0
CHEMBL5517638,1
CHEMBL5517663,0
CHEMBL5595908,1
CHEMBL1083677,1
CHEMBL1952053,1
CHEMBL5265814,0
CHEMBL339297,1
CHEMBL5429288,1
CHEMBL5427748,1
CHEMBL5423171,1
CHEMBL5412906,1
CHEMBL5405601,1
CHEMBL5428301,1
CHEMBL5412297,1
CHEMBL5431200,1
CHEMBL5424871,1
CHEMBL5415364,1
CHEMBL5397804,1
CHEMBL5406363,1
CHEMBL5417629,1
CHEMBL5428266,1
CHEMBL5429403,1
CHEMBL5431346,1
CHEMBL5402369,1
CHEMBL5404725,1
CHEMBL5411628,1
CHEMBL5403619,1
CHEMBL5424094,1
CHEMBL5422505,1
CHEMBL5428335,1
CHEMBL5399453,1
CHEMBL1761995,0
CHEMBL388615,0
CHEMBL3416996,0
CHEMBL5559310,1
CHEMBL1915765,1
CHEMBL260964,0
CHEMBL3322162,1
CHEMBL6143765,1
CHEMBL141167,0
CHEMBL141801,0
CHEMBL340609,0
CHEMBL140936,1
CHEMBL340672,0
CHEMBL127527,0
CHEMBL141853,0
CHEMBL3417004,0
CHEMBL5833354,0
CHEMBL187370,1
CHEMBL4755968,0
CHEMBL376327,1
CHEMBL1819172,0
CHEMBL3116297,1
CHEMBL1083973,1
CHEMBL1084250,1
CHEMBL1912063,1
CHEMBL1916475,1
CHEMBL76640,1
CHEMBL74089,0
CHEMBL305670,0
CHEMBL308043,0
CHEMBL308503,1
CHEMBL99581,0
CHEMBL1243170,1
CHEMBL609149,0
CHEMBL99414,1
CHEMBL307721,0
CHEMBL134251,1
CHEMBL309667,0
CHEMBL609671,0
CHEMBL1241427,0
CHEMBL609672,1
CHEMBL431784,0
CHEMBL382351,1
CHEMBL612098,1
CHEMBL75743,1
CHEMBL74107,0
CHEMBL361409,0
CHEMBL1243269,1
CHEMBL205340,0
CHEMBL591729,0
CHEMBL609150,0
CHEMBL244837,1
CHEMBL1082739,0
CHEMBL4553968,1
CHEMBL397168,1
CHEMBL397160,1
CHEMBL237189,1
CHEMBL2234512,1
CHEMBL2234836,1
CHEMBL2234835,1
CHEMBL3393675,1
CHEMBL4176610,1
CHEMBL4163376,1
CHEMBL4174958,0
CHEMBL4171520,1
CHEMBL4167753,1
CHEMBL4166003,1
CHEMBL4171284,1
CHEMBL4160908,1
CHEMBL4176034,1
CHEMBL4159832,1
CHEMBL4164310,1
CHEMBL3237629,1
CHEMBL3237628,1
CHEMBL2332533,1
CHEMBL2332543,1
CHEMBL2332534,1
CHEMBL2332541,1
CHEMBL2332531,1
CHEMBL2332544,1
CHEMBL2332540,1
CHEMBL2332530,1
CHEMBL2332532,1
CHEMBL2332542,1
CHEMBL5287874,1
CHEMBL3752543,0
CHEMBL3115022,1
CHEMBL140106,0
CHEMBL333909,0
CHEMBL3425893,1
CHEMBL3425892,1
CHEMBL141515,0
CHEMBL6164227,0
CHEMBL1761994,0
CHEMBL4086383,1
CHEMBL4093514,1
CHEMBL179455,0
CHEMBL5593865,1
CHEMBL87280,1
CHEMBL87849,0
CHEMBL87170,0
CHEMBL1084545,0
CHEMBL595115,0
CHEMBL593933,0
CHEMBL596457,0
CHEMBL594870,0
CHEMBL604478,0
CHEMBL605303,0
CHEMBL606348,0
CHEMBL596236,0
CHEMBL606538,0
CHEMBL5597110,1
CHEMBL5204934,0
CHEMBL577016,1
CHEMBL3823197,1
CHEMBL3632991,0
CHEMBL3410953,0
CHEMBL3632848,1
CHEMBL5278147,0
CHEMBL1669484,0
CHEMBL313582,0
CHEMBL4286677,1
CHEMBL4475391,1
CHEMBL4552440,0
CHEMBL4459416,1
CHEMBL3402710,0
CHEMBL3415576,0
CHEMBL3415581,0
CHEMBL3402715,0
CHEMBL3415561,0
CHEMBL3402720,1
CHEMBL3415566,0
CHEMBL4864004,1
CHEMBL362579,1
CHEMBL3969241,1
CHEMBL4081509,1
CHEMBL340228,0
CHEMBL4091748,1
CHEMBL4072579,1
CHEMBL3417002,0
CHEMBL106344,1
CHEMBL64011,0
CHEMBL4789099,1
CHEMBL4745801,1
CHEMBL3621413,1
CHEMBL4762533,1
CHEMBL4749346,1
CHEMBL4758460,1
CHEMBL4756491,1
CHEMBL4762943,1
CHEMBL4752175,1
CHEMBL4745802,1
CHEMBL4748939,1
CHEMBL4752813,0
CHEMBL4795843,1
CHEMBL4758271,1
CHEMBL4761840,1
CHEMBL4790739,1
CHEMBL4747158,1
CHEMBL4745328,0
CHEMBL4759227,1
CHEMBL4753534,1
CHEMBL4743436,1
CHEMBL445124,1
CHEMBL5284423,0
CHEMBL1572608,1
CHEMBL2396905,1
CHEMBL2396908,1
CHEMBL2396903,1
CHEMBL1376358,1
CHEMBL2396909,1
CHEMBL2396906,1
CHEMBL2396904,1
CHEMBL2160220,1
CHEMBL393758,1
CHEMBL115697,1
CHEMBL1202417,1
CHEMBL4283079,1
CHEMBL4290940,0
CHEMBL4292446,0
CHEMBL3582231,1
CHEMBL3116278,1
CHEMBL513063,0
CHEMBL5408610,1
CHEMBL5433937,1
CHEMBL5431265,1
CHEMBL5417185,1
CHEMBL3335027,1
CHEMBL3335028,1
CHEMBL4855714,1
CHEMBL13426,0
CHEMBL4786658,0
CHEMBL2064466,0
CHEMBL5219771,0
CHEMBL154972,0
CHEMBL1202885,0
CHEMBL425739,0
CHEMBL5275040,0
CHEMBL5283896,1
CHEMBL1172830,1
CHEMBL1171854,1
CHEMBL152675,1
CHEMBL2332537,1
CHEMBL2332539,1
CHEMBL156016,1
CHEMBL350032,1
CHEMBL2332535,1
CHEMBL2332546,1
CHEMBL3289926,0
CHEMBL454594,1
CHEMBL2332536,1
CHEMBL3289927,0
CHEMBL3289937,0
CHEMBL3289936,0
CHEMBL2332538,1
CHEMBL189886,1
CHEMBL4850464,1
CHEMBL3290194,1
CHEMBL4800092,1
CHEMBL4800589,1
CHEMBL4782256,1
CHEMBL4781245,1
CHEMBL4796660,1
CHEMBL4786386,1
CHEMBL4786060,1
CHEMBL4798858,1
CHEMBL4780578,1
CHEMBL4792068,1
CHEMBL4786778,1
CHEMBL4798408,1
CHEMBL4797232,1
CHEMBL4776389,1
CHEMBL4786300,1
CHEMBL4788937,1
CHEMBL4792702,1
CHEMBL4793718,1
CHEMBL4785452,1
CHEMBL4784248,1
CHEMBL4795221,1
CHEMBL4782029,1
CHEMBL4783315,1
CHEMBL4777782,1
CHEMBL4798281,1
CHEMBL4785035,1
CHEMBL4782574,1
CHEMBL4790454,1
CHEMBL4799265,1
CHEMBL4789608,1
CHEMBL4796328,1
CHEMBL4778249,1
CHEMBL4780560,1
CHEMBL5397159,1
CHEMBL396050,0
CHEMBL241761,1
CHEMBL241762,1
CHEMBL238571,1
CHEMBL241554,1
CHEMBL241552,1
CHEMBL241553,1
CHEMBL238085,1
CHEMBL235751,1
CHEMBL392385,1
CHEMBL238067,1
CHEMBL239418,1
CHEMBL241760,1
CHEMBL212065,1
CHEMBL213861,1
CHEMBL1202865,0
CHEMBL4752879,1
CHEMBL4159609,0
CHEMBL5745896,1
CHEMBL2047230,1
CHEMBL2047229,1
CHEMBL2047228,1
CHEMBL2047231,1
CHEMBL2047226,1
CHEMBL2047224,1
CHEMBL2047225,1
CHEMBL2047223,1
CHEMBL1766146,1
CHEMBL2047227,1
CHEMBL4466652,0
CHEMBL4474399,0
CHEMBL2237997,1
CHEMBL4212275,0
CHEMBL4209420,0
CHEMBL4207386,0
CHEMBL4217666,0
CHEMBL456881,1
CHEMBL1864065,1
CHEMBL4213147,0
CHEMBL3323056,1
CHEMBL4212713,0
CHEMBL4205426,0
CHEMBL4203988,0
CHEMBL4208869,0
CHEMBL4217746,0
CHEMBL4217139,0
CHEMBL4208322,0
CHEMBL2425418,1
CHEMBL2425417,1
CHEMBL4572757,0
CHEMBL325505,1
CHEMBL3827449,1
CHEMBL3828028,1
CHEMBL3828644,1
CHEMBL3827011,1
CHEMBL3828679,0
CHEMBL3827347,1
CHEMBL3828273,1
CHEMBL3827856,1
CHEMBL3827624,1
CHEMBL3828739,1
CHEMBL12547,1
CHEMBL5192958,1
CHEMBL3233990,1
CHEMBL3233995,1
CHEMBL3234000,1
CHEMBL3233997,1
CHEMBL4282163,1
CHEMBL202844,1
CHEMBL4063877,0
CHEMBL5183944,1
CHEMBL2163795,1
CHEMBL5434024,1
CHEMBL5188541,1
CHEMBL5425587,1
CHEMBL1543212,1
CHEMBL6173562,1
CHEMBL6171540,1
CHEMBL6174158,1
CHEMBL4853244,1
CHEMBL3910142,0
CHEMBL3961103,1
CHEMBL611808,1
CHEMBL575167,1
CHEMBL575810,1
CHEMBL5220283,0
CHEMBL4469239,0
CHEMBL4758531,0
CHEMBL3262665,1
CHEMBL3262668,1
CHEMBL3262666,1
CHEMBL569978,0
CHEMBL5279102,1
CHEMBL3752467,0
CHEMBL3112614,1
CHEMBL3335058,1
CHEMBL3335059,1
CHEMBL4798445,1
CHEMBL3621334,0
CHEMBL2238002,1
CHEMBL268499,0
CHEMBL3086276,0
CHEMBL3400187,0
CHEMBL63173,1
CHEMBL1773489,0
CHEMBL3343920,0
CHEMBL4467284,0
CHEMBL1173090,0
CHEMBL365678,1
CHEMBL1085933,0
CHEMBL4792634,1
CHEMBL4791143,1
CHEMBL147025,1
CHEMBL436367,0
CHEMBL2441680,1
CHEMBL2441683,1
CHEMBL253782,1
CHEMBL2377875,1
CHEMBL2377876,1
CHEMBL2375480,1
CHEMBL4792289,1
CHEMBL4779214,1
CHEMBL488590,0
CHEMBL315013,0
CHEMBL314398,0
CHEMBL88026,0
CHEMBL603256,0
CHEMBL448359,1
CHEMBL5203969,1
CHEMBL5202625,1
CHEMBL5190764,1
CHEMBL445130,0
CHEMBL161880,1
CHEMBL349977,1
CHEMBL165304,1
CHEMBL165726,0
CHEMBL317162,1
CHEMBL80221,0
CHEMBL1243076,0
CHEMBL4282414,1
CHEMBL5286146,1
CHEMBL3642047,0
CHEMBL3752974,1
CHEMBL3752232,1
CHEMBL6164661,1
CHEMBL5594981,1
CHEMBL5633253,0
CHEMBL5633252,0
CHEMBL5633181,0
CHEMBL3604194,0
CHEMBL1814731,0
CHEMBL4777926,1
CHEMBL5646469,0
CHEMBL4776397,1
CHEMBL465487,1
CHEMBL1087180,1
CHEMBL4796574,1
CHEMBL6166087,0
CHEMBL1761993,1
CHEMBL33161,0
CHEMBL1084880,0
CHEMBL4210949,1
CHEMBL4752558,0
CHEMBL3754291,0
CHEMBL3754739,0
CHEMBL4794000,1
CHEMBL4744470,0
CHEMBL4757415,1
CHEMBL4745500,1
CHEMBL4755117,1
CHEMBL4780232,1
CHEMBL4785769,1
CHEMBL4756674,1
CHEMBL4796199,1
CHEMBL4795118,1
CHEMBL4797109,1
CHEMBL4796307,1
CHEMBL4756650,1
CHEMBL4755226,0
CHEMBL4792691,1
CHEMBL1081031,0
CHEMBL1098308,0
CHEMBL4559797,0
CHEMBL4533530,1
CHEMBL4549453,0
CHEMBL4532372,0
CHEMBL4529936,0
CHEMBL4527770,0
CHEMBL4554666,0
CHEMBL4532806,0
CHEMBL4530559,0
CHEMBL4560673,0
CHEMBL4566786,0
CHEMBL449947,1
CHEMBL6173387,1
CHEMBL4795569,1
CHEMBL4781081,1
CHEMBL5278778,0
CHEMBL5283851,1
CHEMBL5085317,1
CHEMBL141276,0
CHEMBL4169326,1
CHEMBL4177164,1
CHEMBL4792421,0
CHEMBL4757683,0
CHEMBL5285633,1
CHEMBL4749327,0
CHEMBL4759230,0
CHEMBL4750284,0
CHEMBL4787169,0
CHEMBL5266377,0
CHEMBL224347,1
CHEMBL4558495,0
CHEMBL104387,0
CHEMBL4068149,0
CHEMBL4074062,0
CHEMBL4159705,0
CHEMBL4071377,0
CHEMBL4098418,0
CHEMBL4165327,0
CHEMBL4094591,0
CHEMBL4081915,0
CHEMBL4092048,0
CHEMBL4072999,0
CHEMBL4092123,1
CHEMBL4163077,1
CHEMBL4170331,0
CHEMBL4064413,1
CHEMBL4102333,0
CHEMBL4060011,0
CHEMBL4066548,0
CHEMBL4169887,1
CHEMBL4173902,1
CHEMBL4076930,0
CHEMBL4162617,1
CHEMBL4095535,0
CHEMBL4094081,0
CHEMBL4173784,0
CHEMBL4099873,0
CHEMBL4567394,0
CHEMBL128260,0
CHEMBL434948,1
CHEMBL241960,0
CHEMBL372262,1
CHEMBL221753,1
CHEMBL292788,0
CHEMBL4794250,1
CHEMBL3393674,1
CHEMBL3087674,0
CHEMBL3335050,1
CHEMBL3335051,1
CHEMBL4795992,0
CHEMBL6151437,1
CHEMBL6168124,1
CHEMBL6150183,1
CHEMBL6151754,1
CHEMBL6161214,1
CHEMBL6164766,1
CHEMBL6145850,1
CHEMBL6169431,1
CHEMBL6166354,1
CHEMBL6164626,1
CHEMBL5275931,1
CHEMBL3093797,0
CHEMBL4797355,0
CHEMBL4783624,0
CHEMBL4790426,1
CHEMBL6142020,0
CHEMBL5266191,0
CHEMBL4435044,0
CHEMBL13206,0
CHEMBL4865061,0
CHEMBL4867249,0
CHEMBL4873612,0
CHEMBL4863960,0
CHEMBL19224,1
CHEMBL207931,1
CHEMBL208132,1
CHEMBL213944,1
CHEMBL5088794,1
CHEMBL6168749,1
CHEMBL163362,1
CHEMBL4872514,0
CHEMBL4099404,1
CHEMBL3586197,1
CHEMBL5430903,1
CHEMBL4293626,1
CHEMBL512758,1
CHEMBL136317,1
CHEMBL139685,1
CHEMBL344593,1
CHEMBL421920,1
CHEMBL498645,1
CHEMBL504924,1
CHEMBL434042,1
CHEMBL496255,1
CHEMBL136052,1
CHEMBL422098,1
CHEMBL3127002,1
CHEMBL3127003,0
CHEMBL2396910,1
CHEMBL1085940,0
CHEMBL365136,1
CHEMBL5276955,0
CHEMBL2419687,0
CHEMBL2088785,0
CHEMBL3752384,0
CHEMBL3087681,1
CHEMBL1172913,0
CHEMBL538853,0
CHEMBL538109,0
CHEMBL1173624,0
CHEMBL556186,0
CHEMBL557400,1
CHEMBL1173605,0
CHEMBL519475,0
CHEMBL3318017,0
CHEMBL1651126,0
CHEMBL73160,0
CHEMBL74940,0
CHEMBL73800,0
CHEMBL391356,1
CHEMBL6161090,1
CHEMBL576189,1
CHEMBL192953,1
CHEMBL372279,1
CHEMBL3736339,1
CHEMBL3735606,1
CHEMBL4750451,0
CHEMBL596112,1
CHEMBL4174729,0
CHEMBL189797,1
CHEMBL1086245,0
CHEMBL311849,1
CHEMBL4552547,1
CHEMBL612100,0
CHEMBL3322161,1
CHEMBL314800,1
CHEMBL3087683,1
CHEMBL4209795,0
CHEMBL95020,0
CHEMBL6171117,1
CHEMBL6161649,1
CHEMBL6175862,0
CHEMBL6168783,1
CHEMBL6176564,0
CHEMBL6163696,1
CHEMBL6146704,1
CHEMBL6170619,1
CHEMBL6147393,0
CHEMBL1086927,1
CHEMBL1915766,1
CHEMBL1087131,1
CHEMBL1202875,0
CHEMBL4080105,0
CHEMBL4168934,1
CHEMBL3233832,0
CHEMBL3233831,1
CHEMBL3304306,0
CHEMBL4092602,1
CHEMBL4100338,1
CHEMBL4070769,1
CHEMBL4091651,1
CHEMBL4064904,1
CHEMBL4073501,1
CHEMBL87441,0
CHEMBL87937,0
CHEMBL441632,0
CHEMBL87128,0
CHEMBL87980,0
CHEMBL87295,1
CHEMBL5563760,0
CHEMBL5568668,0
CHEMBL5575441,0
CHEMBL5594287,0
CHEMBL570158,1
CHEMBL5266165,0
CHEMBL137039,1
CHEMBL1651130,0
CHEMBL3353566,1
CHEMBL3353567,1
CHEMBL3353568,1
CHEMBL1669489,1
CHEMBL1669490,1
CHEMBL2181433,1
CHEMBL4559936,0
CHEMBL4443468,0
CHEMBL4443989,0
CHEMBL360186,1
CHEMBL19215,1
CHEMBL6168753,1
CHEMBL6163299,0
CHEMBL1783523,0
CHEMBL4870273,1
CHEMBL5193082,1
CHEMBL5173420,1
CHEMBL5172256,1
CHEMBL1085285,0
CHEMBL496259,1
CHEMBL343780,1
CHEMBL3216209,0
CHEMBL3217103,0
CHEMBL1203538,0
CHEMBL4280241,1
CHEMBL5505910,1
CHEMBL5558445,1
CHEMBL4476861,1
CHEMBL4793096,1
CHEMBL2047528,0
CHEMBL3828259,0
CHEMBL4782267,0
CHEMBL4456083,0
CHEMBL187591,1
CHEMBL2088687,1
CHEMBL2419681,1
CHEMBL111309,1
CHEMBL111310,1
CHEMBL109085,1
CHEMBL109018,1
CHEMBL18966,1
CHEMBL5078658,1
CHEMBL276076,1
CHEMBL108697,1
CHEMBL108928,1
CHEMBL107488,1
CHEMBL5079544,1
CHEMBL325761,1
CHEMBL107541,1
CHEMBL274030,1
CHEMBL320251,1
CHEMBL5083737,1
CHEMBL5082824,0
CHEMBL3827220,0
CHEMBL4754173,1
CHEMBL4764015,1
CHEMBL2425414,1
CHEMBL2425412,1
CHEMBL2425415,1
CHEMBL2425410,1
CHEMBL2425408,1
CHEMBL2425409,1
CHEMBL5288840,1
CHEMBL5288918,0
CHEMBL5277364,0
CHEMBL3621333,0
CHEMBL1084530,0
CHEMBL3919289,1
CHEMBL3971112,1
CHEMBL307908,0
CHEMBL4240365,1
CHEMBL4246032,1
CHEMBL4250143,1
CHEMBL4244573,1
CHEMBL4250287,1
CHEMBL4238512,1
CHEMBL187818,0
CHEMBL188011,1
CHEMBL186042,0
CHEMBL3417000,0
CHEMBL5791030,0
CHEMBL3417009,0
CHEMBL6030402,0
CHEMBL6040839,0
CHEMBL6167437,0
CHEMBL5963054,0
CHEMBL5921670,0
CHEMBL5799857,0
CHEMBL5905385,0
CHEMBL5755069,0
CHEMBL6166890,0
CHEMBL6142452,0
CHEMBL6142005,0
CHEMBL6144808,0
CHEMBL6149029,0
CHEMBL6102364,0
CHEMBL6133128,0
CHEMBL6120302,0
CHEMBL6148509,0
CHEMBL1202930,1
CHEMBL3355594,1
CHEMBL188714,0
CHEMBL1213295,0
CHEMBL189907,0
CHEMBL363557,0
CHEMBL1243359,0
CHEMBL2047525,0
CHEMBL6133000,1
CHEMBL4639128,1
CHEMBL3335057,1
CHEMBL3335056,1
CHEMBL6149232,1
CHEMBL3322159,0
CHEMBL5593330,1
CHEMBL4632994,1
CHEMBL4292399,1
CHEMBL4085482,1
CHEMBL5188111,1
CHEMBL24686,0
CHEMBL283509,0
CHEMBL278342,0
CHEMBL3632858,0
CHEMBL367571,0
CHEMBL6161302,0
CHEMBL4216601,1
CHEMBL4209755,0
CHEMBL4215154,0
CHEMBL2238006,1
CHEMBL33332,1
CHEMBL340409,1
CHEMBL5272229,1
CHEMBL4782697,1
CHEMBL4785480,1
CHEMBL3216469,0
CHEMBL3215602,0
CHEMBL259264,0
CHEMBL129542,1
CHEMBL129306,1
CHEMBL259482,1
CHEMBL1782071,1
CHEMBL235548,1
CHEMBL5276202,1
CHEMBL1766140,1
CHEMBL1766139,1
CHEMBL1766017,1
CHEMBL1766141,1
CHEMBL1766149,1
CHEMBL1766019,1
CHEMBL1766016,1
CHEMBL1084808,1
CHEMBL2386558,1
CHEMBL4166300,0
CHEMBL4172587,1
CHEMBL4164347,1
CHEMBL3827765,1
CHEMBL1082981,1
CHEMBL384886,0
CHEMBL3262664,1
CHEMBL3262667,1
CHEMBL124933,0
CHEMBL390737,1
CHEMBL5272491,0
CHEMBL557155,0
CHEMBL3216555,0
CHEMBL3216556,0
CHEMBL3216777,0
CHEMBL3216557,0
CHEMBL3217208,0
CHEMBL558598,1
CHEMBL5273737,0
CHEMBL188338,1
CHEMBL364125,0
CHEMBL364585,0
CHEMBL4283189,1
CHEMBL4291046,0
CHEMBL4293364,1
CHEMBL4282755,1
CHEMBL4289908,1
CHEMBL4294389,1
CHEMBL4292235,0
CHEMBL4294446,1
CHEMBL4283814,1
CHEMBL4282037,1
CHEMBL4279297,0
CHEMBL4279249,1
CHEMBL4289981,1
CHEMBL4287595,0
CHEMBL4285714,0
CHEMBL5404463,1
CHEMBL1084519,1
CHEMBL1084517,1
CHEMBL4094805,1
CHEMBL313809,0
CHEMBL6149424,0
CHEMBL212771,1
CHEMBL372071,1
CHEMBL140328,1
CHEMBL497276,1
CHEMBL4763981,0
CHEMBL4082739,1
CHEMBL4780148,0
CHEMBL4778409,0
CHEMBL4855201,1
CHEMBL65585,0
CHEMBL3930722,1
CHEMBL3948489,0
CHEMBL3910830,0
CHEMBL98497,1
CHEMBL5437711,1
CHEMBL4758307,1
CHEMBL4749209,1
CHEMBL5402460,1
CHEMBL3335047,1
CHEMBL3335046,1
CHEMBL599644,0
CHEMBL186896,1
CHEMBL4757216,1
CHEMBL4793341,0
CHEMBL4764465,1
CHEMBL4741398,0
CHEMBL4758638,1
CHEMBL4763724,1
CHEMBL4796846,0
CHEMBL4756849,1
CHEMBL4784203,1
CHEMBL4761542,0
CHEMBL4760651,0
CHEMBL4747185,1
CHEMBL4778302,1
CHEMBL4749704,0
CHEMBL4752715,0
CHEMBL3262670,1
CHEMBL3335064,1
CHEMBL3335065,1
CHEMBL470867,0
CHEMBL3581573,1
CHEMBL2419684,0
CHEMBL2088782,0
CHEMBL4090498,1
CHEMBL4070057,1
CHEMBL4069472,1
CHEMBL4080726,1
CHEMBL4104952,1
CHEMBL4097249,1
CHEMBL4078265,1
CHEMBL4071110,1
CHEMBL4067342,1
CHEMBL4096311,1
CHEMBL4088594,1
CHEMBL338720,0
CHEMBL3753957,0
CHEMBL5197832,0
CHEMBL4778990,1
CHEMBL141042,0
CHEMBL4167958,1
CHEMBL469638,1
CHEMBL3764305,0
CHEMBL5597498,1
CHEMBL3900977,0
CHEMBL5397379,1
CHEMBL4800073,0
CHEMBL3393673,1
CHEMBL5437114,1
CHEMBL5426044,1
CHEMBL5434381,1
CHEMBL5407081,1
CHEMBL5425032,1
CHEMBL5424891,1
CHEMBL5427488,1
CHEMBL5437596,1
CHEMBL5400013,1
CHEMBL5430507,1
CHEMBL5431310,1
CHEMBL5406712,1
CHEMBL535812,0
CHEMBL2011496,0
CHEMBL5087001,1
CHEMBL243044,0
CHEMBL242191,0
CHEMBL243269,0
CHEMBL243057,0
CHEMBL394865,0
CHEMBL242836,0
CHEMBL243062,0
CHEMBL1770549,0
CHEMBL242661,0
CHEMBL395815,1
CHEMBL243056,0
CHEMBL243055,0
CHEMBL243274,0
CHEMBL218443,0
CHEMBL4170372,1
CHEMBL3582203,1
CHEMBL3582218,0
CHEMBL3582209,0
CHEMBL3582208,0
CHEMBL3582206,0
CHEMBL3582205,0
CHEMBL3582202,0
CHEMBL3582210,1
CHEMBL3582204,1
CHEMBL3582201,0
CHEMBL3582207,0
CHEMBL5633243,0
CHEMBL5632755,0
CHEMBL5633705,0
CHEMBL5632422,1
CHEMBL5632407,0
CHEMBL5631790,0
CHEMBL5632029,1
CHEMBL5633110,0
CHEMBL5631244,1
CHEMBL5633343,0
CHEMBL5632660,0
CHEMBL5633728,1
CHEMBL5632972,0
CHEMBL5633723,1
CHEMBL5633969,0
CHEMBL5632642,1
CHEMBL5277927,0
CHEMBL5289994,0
CHEMBL5279409,0
CHEMBL5273978,0
CHEMBL5270248,0
CHEMBL5187045,0
CHEMBL1085128,1
CHEMBL33173,1
CHEMBL1085382,0
CHEMBL286690,0
CHEMBL3220805,1
CHEMBL5183299,1
CHEMBL3586582,0
CHEMBL3586583,0
CHEMBL542467,0
CHEMBL427090,1
CHEMBL474836,1
CHEMBL286990,1
CHEMBL289890,1
CHEMBL359312,1
CHEMBL149230,1
CHEMBL148832,1
CHEMBL32585,1
CHEMBL423397,1
CHEMBL145928,1
CHEMBL149026,1
CHEMBL357987,1
CHEMBL151507,1
CHEMBL32768,1
CHEMBL27675,1
CHEMBL147213,1
CHEMBL149542,1
CHEMBL146319,1
CHEMBL348216,1
CHEMBL147465,1
CHEMBL355986,1
CHEMBL33101,1
CHEMBL357981,1
CHEMBL288316,1
CHEMBL29300,1
CHEMBL347749,1
CHEMBL147968,1
CHEMBL147793,1
CHEMBL344736,1
CHEMBL147517,1
CHEMBL416772,1
CHEMBL4096126,1
CHEMBL346399,1
CHEMBL149084,1
CHEMBL13522,1
CHEMBL3764900,1
CHEMBL3763832,1
CHEMBL3764714,1
CHEMBL3764488,1
CHEMBL3605356,0
CHEMBL4225157,0
CHEMBL2088786,0
CHEMBL2419688,0
CHEMBL3093803,0
CHEMBL5287353,1
CHEMBL1430084,0
CHEMBL5266033,0
CHEMBL5272625,0
CHEMBL5190569,0
CHEMBL5197518,0
CHEMBL5286535,0
CHEMBL5269238,0
CHEMBL5189021,0
CHEMBL3262673,1
CHEMBL74340,0
CHEMBL75013,0
CHEMBL309173,1
CHEMBL74747,0
CHEMBL307513,1
CHEMBL74533,1
CHEMBL308093,0
CHEMBL72967,0
CHEMBL76384,0
CHEMBL420378,0
CHEMBL307832,0
CHEMBL75127,0
CHEMBL310467,0
CHEMBL3828385,1
CHEMBL3261986,1
CHEMBL1088018,1
CHEMBL1642973,1
CHEMBL5206663,1
CHEMBL5590844,1
CHEMBL4765084,1
CHEMBL5592518,1
CHEMBL4445345,1
CHEMBL4797608,1
CHEMBL5184276,1
CHEMBL45069,1
CHEMBL3770479,1
CHEMBL3769555,1
CHEMBL3770978,1
CHEMBL3769833,1
CHEMBL3769537,1
CHEMBL3770203,1
CHEMBL3770569,1
CHEMBL3769576,1
CHEMBL5422050,1
CHEMBL5082250,0
CHEMBL5426401,1
CHEMBL154950,1
CHEMBL5207442,0
CHEMBL5204407,1
CHEMBL3289931,1
CHEMBL3289941,1
CHEMBL5178629,1
CHEMBL5185134,0
CHEMBL5206198,0
CHEMBL5183930,0
CHEMBL5181301,0
CHEMBL464427,0
CHEMBL5209347,1
CHEMBL1084518,1
CHEMBL1083972,1
CHEMBL3415580,0
CHEMBL3402709,0
CHEMBL3402714,0
CHEMBL3415570,0
CHEMBL3402719,1
CHEMBL3415560,0
CHEMBL3415565,0
CHEMBL3415575,0
CHEMBL3122171,1
CHEMBL1651040,1
CHEMBL4060687,1
CHEMBL3262251,1
CHEMBL4073193,1
CHEMBL4091317,1
CHEMBL4061746,1
CHEMBL4077088,1
CHEMBL1626455,1
CHEMBL4081013,1
CHEMBL4083524,1
CHEMBL4105088,1
CHEMBL4099790,1
CHEMBL4098421,1
CHEMBL4079345,1
CHEMBL4100046,1
CHEMBL5647316,0
CHEMBL1770551,1
CHEMBL362350,0
CHEMBL183813,0
CHEMBL3632856,1
CHEMBL3632852,1
CHEMBL1076243,0
CHEMBL3764065,1
CHEMBL3764433,1
CHEMBL4563408,1
CHEMBL4063984,1
CHEMBL385269,0
CHEMBL5090057,1
CHEMBL4779687,1
CHEMBL4752528,1
CHEMBL191930,1
CHEMBL1221863,1
CHEMBL4210016,1
CHEMBL328102,0
CHEMBL6134022,1
CHEMBL6190088,0
CHEMBL4748948,1
CHEMBL4747710,1
CHEMBL539108,1
CHEMBL106082,0
CHEMBL108163,0
CHEMBL107254,0
CHEMBL3978533,1
CHEMBL3919086,1
CHEMBL3891025,1
CHEMBL3917990,1
CHEMBL3936989,1
CHEMBL4216806,1
CHEMBL3949439,1
CHEMBL5570881,0
CHEMBL3597942,1
CHEMBL3597941,1
CHEMBL3597944,1
CHEMBL3356531,0
CHEMBL3356950,0
CHEMBL3356952,0
CHEMBL3356529,1
CHEMBL3356533,0
CHEMBL3356535,0
CHEMBL3356537,0
CHEMBL3356539,0
CHEMBL3356954,0
CHEMBL5279473,1
CHEMBL4098196,1
CHEMBL4081805,1
CHEMBL5285645,1
CHEMBL4762095,1
CHEMBL4759893,0
CHEMBL6189139,1
CHEMBL5278007,0
